-9.963655251221025244e-01,-2.320679938443281909e-01,1.644263137521953799e-01,-3.178650538543066340e-01,5.042146329628566237e-01,1.282776233276032185e+00,1.125632308768537593e+00,5.219230424561004389e-01,-4.368561924794354123e-01,1.243495896846684087e-02
1.411746433547471868e+00,-1.561069800334766500e+00,-9.118710093398375571e-01,-3.507192294083106288e-01,-6.068528890137300236e-01,-4.339547936493129976e-01,-8.056370437434696719e-01,-1.074887700101425092e-01,-1.274385411534239454e+00,5.034125317819347634e-02
-1.862624601377931705e-02,-2.375684532339837673e+00,8.295401714384526004e-01,2.914042189545365882e-03,-6.348096389430455400e-01,1.006872262130649398e+00,-1.584374455740451271e-01,1.238376134726529187e+00,2.274163621026926152e-01,-2.922428613079379178e-01
1.093701674902307075e-01,-4.389869385547482961e-01,-1.370914959233906050e+00,1.090266662000508591e-01,9.633430358470782551e-01,3.647540969700539537e-01,1.268977612840598568e-01,-6.316594746391062110e-01,1.131125933903020631e+00,-2.420021262838222276e-01
-2.659403622963050218e-01,3.789815682258876883e-01,1.373989389109855130e+00,-1.612036612737551833e+00,-7.146535953512178629e-01,6.968766177289380526e-01,2.430745614508802721e-01,-1.618509301732772077e+00,-4.664565044615822109e-01,1.276498872518047611e-01
-6.314628843391114632e-01,-5.323599122109572424e-01,1.124490758247885358e+00,7.345839097859302447e-01,-3.411790178038508481e-01,-4.319722225946713845e-01,6.703986759401353579e-01,3.443053684413414639e-01,-5.074857262460396035e-01,-8.236971773894680160e-02
1.038986783830674332e-01,-7.814700931042521947e-01,-6.691014022546167839e-01,8.314442275455069531e-01,-7.106164886960404381e-01,-1.005494964600602836e+00,1.645611989786569807e-01,-8.701095605232865571e-02,-8.684041677920035784e-01,-1.525394852275972464e-03
-4.237432525518621818e-01,1.192207939690915097e+00,1.894386001951313236e+00,-1.652231477790991887e+00,1.034483467429977294e-01,9.096297603658549669e-01,4.489648481385810075e-01,-6.363230943910042070e-01,4.049775970103349221e-01,-1.522175237814065163e-01
-1.383979693788118137e+00,-2.475875855363338651e+00,7.754203270021799987e-01,2.986277544317549326e-01,1.936846136474906777e-01,1.156279139162349701e+00,1.600042214180975864e-01,-8.078424699106477869e-01,-1.007827536880437636e-01,3.081464643794182279e-01
2.133652837653584378e+00,9.141890253780589060e-01,-8.533401588217709444e-02,2.099587334163189212e+00,1.344809456580098039e-01,-1.798890560040915965e+00,2.436163709333546645e+00,-4.143397769472861314e-01,1.121800404303247234e+00,-4.618264699985794031e-01
-2.334129423560981631e-01,1.055082123406462014e+00,-9.233027006812832838e-01,-2.543095061832970072e-01,4.466124504986858645e-01,-6.688866858823330208e-01,-4.101073872454916169e-01,2.699557575464005543e-01,4.301626014725448699e-01,-2.284018095332233100e-01
-1.881372182856347441e+00,2.165866656722846617e+00,6.833775085112649972e-01,9.483296049315551590e-01,5.439238868286834228e-01,-5.443529722230577850e-01,1.975885876151630138e-01,7.783145623098975951e-01,-2.601099278931503500e-01,2.113633409502884697e-01
-1.373083200820228278e+00,2.107506842384383183e-01,2.082243077037543577e-01,1.454708007062454511e+00,-9.133441786440072985e-01,-1.470782664710056586e+00,6.972602024491740824e-01,4.563104913648634992e-02,-4.298559366296712536e-01,2.093083104444826148e-01
7.618028897196227334e-01,-9.911060170966187188e-01,6.564821998770236089e-01,-5.205726223128001040e-01,1.060330898884553674e+00,1.542856369261330352e-01,-5.724911377745135477e-01,-3.221379913582014254e-01,-2.198984590925484595e-01,-2.378174838953251158e-01
-1.282456506910482741e+00,5.669539016276545773e-01,-3.173927015312826283e-01,-2.086365636269209844e-01,1.609204705907768762e+00,1.264639858832243169e+00,1.250831950396932957e+00,-6.243327263113237491e-01,8.490249253599663204e-01,2.353701041025858115e-02
-1.634380749618349116e+00,-2.331073053523237348e+00,3.356750255818698458e-01,7.020113872937351340e-01,-5.828592667997800625e-01,7.460143313637886964e-01,-2.025139621364224485e-01,4.850936508396022639e-01,6.630661947017680857e-01,-8.831242370108897954e-02
7.509998669361758195e-01,5.394616744824799470e-01,-1.174368005233181966e+00,-3.494628393273017664e-01,7.117968659124330744e-01,-1.802978322783921894e-01,-2.058209186503912325e-01,2.055531087306326221e-01,9.941474333692785770e-01,-3.158496574584577221e-01
1.010127244966145588e+00,-2.256351109592444004e+00,3.218547577630155310e-01,-3.757164076984728651e-01,9.762578317234049674e-01,8.736804748744174676e-01,-1.820880870075870239e-01,-1.275494086697354312e+00,-2.496885290968379190e-01,-1.265552945633578730e-01
1.405324156283626502e+00,4.804816796971995707e-01,-1.024187303726602272e+00,-5.363923883092805989e-01,1.304928151587751772e+00,-5.241081135091626431e-01,-3.954500162585383727e-01,-3.231433281384484824e-01,-8.549064261230152409e-03,-1.963964088200848279e-01
-1.307360408354953041e+00,-8.661702335701974009e-01,-1.217175655930747169e+00,1.003379520229722210e+00,1.096075737111357196e+00,-9.326957001215264720e-01,-1.126914760512236269e+00,-9.395876357306778281e-01,9.215709139600239963e-01,-3.669987590173582476e-02
-1.819157827159060270e+00,2.180053255243637467e-01,-1.056839616171016738e+00,3.842844103186227600e-01,-3.644795303520066004e-02,-8.527631789722567301e-01,-4.657289359684675389e-01,-5.507462812152059684e-01,-4.766216057969009934e-01,4.878615596782804320e-01
2.025129668653476503e-02,-2.924895511657136904e+00,-2.103601101917417782e-01,5.720669421232934537e-01,-1.155779931308836828e+00,3.872188397606452503e-01,-8.337528980054844663e-01,8.243953822654431773e-01,1.062683145646036165e+00,-2.955160094120418690e-01
9.716114640042533557e-01,-1.326265960055719173e+00,-1.098935304617369990e+00,-4.211497873414739024e-01,-1.190554342874750038e+00,1.032065724059989975e+00,5.087107024275582257e-01,5.136672901963362792e-01,3.698602815121114773e-01,-9.757682657549254790e-02
3.067260589679330796e+00,-9.197132891629414830e-01,1.297958155758924592e+00,-1.088075387513224523e+00,2.564627127809767426e+00,5.207109253496605694e-01,-6.026884987997401799e-01,7.968855082901209474e-01,5.202583309899231345e-01,7.298050336074876632e-02
-1.612969102156069701e+00,-8.444673192012314145e-01,-6.632465512665054463e-01,3.277105617972724261e-01,-5.551516995923259090e-01,2.934476931804517741e-01,1.834705980220796007e-01,-1.122325624302637076e-01,-2.116327194330326344e-01,2.840509146769424342e-01
3.837933820916120897e+00,4.003401650058056038e-01,3.091048276904483139e+00,8.849563859045745939e-01,-1.349462889256451525e+00,-2.012812476756902225e+00,1.619117652511032457e+00,9.812748949407449350e-01,2.859056416825795366e-01,1.038861176569310096e-01
1.311187498551046104e+00,-2.176449900645006874e+00,-1.382898062550426355e+00,-7.010259486153788688e-02,-9.917935209377118366e-02,1.419527320286069871e+00,4.366455458444975513e-01,-7.489550179997780388e-01,1.704106358930572718e+00,-1.756391244298565191e-01
-5.245145801152993892e-01,7.167680877764014413e-01,1.987720531245064925e-01,-7.839152254763434025e-01,-8.139712159040686235e-01,-5.506233616060046687e-01,-8.418996033032200010e-01,-1.184291702764842302e+00,1.099674362802412597e+00,-1.395864801577241521e-01
1.913001791100833682e+00,1.200846760087339593e+00,1.932858983983578804e+00,-2.117332521232723419e+00,8.016983782668941627e-01,1.275665134099474409e-03,-4.954515358842240258e-01,8.052541559387246806e-02,-4.389431758574264264e-01,-1.862983834985929843e-01
1.753263511986959289e+00,6.318590431954130837e-01,2.397516736846303509e+00,-2.062702056696266606e+00,8.492021088847934163e-01,5.443462453658723943e-01,-2.825113513985230140e-01,7.894881019436181258e-02,-1.265365492224662103e-01,-2.592120446926498567e-01
1.081301575138400528e+00,-1.315431429738768365e+00,1.143944033684900718e+00,-5.157548981616421058e-01,1.751074524186545078e+00,3.137542632265873932e-01,-6.368514508927222151e-01,-8.297650926155662743e-02,-2.489943336303609422e-01,-3.093422265313462427e-01
-1.114861490744468275e+00,1.338414081593630067e+00,2.169662761610116952e+00,-1.306955398456471240e+00,-2.618818467068644296e-01,1.080275321500680619e+00,4.817279787693911630e-01,7.408959695559567127e-01,1.517729529362412233e+00,-4.444529071942771026e-01
-1.218062656151337464e+00,4.307247521837409554e-01,-1.230239052916136222e+00,2.971326976588630972e-03,-1.873533866430178718e-01,-1.323647275836034864e-01,3.063679971638793020e-01,-4.028950830295988106e-02,-6.047688767040868552e-01,2.470015597937295915e-01
-1.252834862692500328e+00,-2.123293860207326467e-01,-6.268312507119060129e-02,6.875721273259126354e-02,1.070348089531693248e+00,6.122823739834825085e-01,4.289305608404217485e-01,-1.613387854318837356e-01,2.324440814584030901e-01,1.580737109553876849e-02
-1.559197858729823194e+00,-1.552649717103661509e+00,1.254769137330020989e-01,6.876284857796118866e-01,6.152128976291341145e-01,-5.547225492427355631e-01,-1.075202803289362352e+00,-8.251065695439665504e-01,-1.217381463828230009e-01,2.178166362631543118e-01
-6.076050560152608249e-01,-2.256132545998001060e+00,-3.775290829977385187e-01,3.397515244952718505e-01,-6.462137893512531761e-01,1.033509091595429474e+00,1.047355526918656021e-01,-2.413817348715281141e-01,9.217621699966588311e-01,-1.615945743332397044e-01
-1.527123818786231046e+00,-4.292893917617896515e-01,3.962280719048367206e-01,-7.131537149853708901e-02,-5.788401820993983871e-02,4.669087206273261348e-01,2.549791328356372788e-01,3.022550963836233007e-01,-4.658404537805694856e-01,1.786930272291747113e-01
7.320719584252548540e-01,-1.510191621029381315e+00,-9.920624014957211134e-01,-4.418723164808806281e-02,-1.499687546692494822e+00,7.713833257053182013e-02,-4.595318221707376249e-01,1.081585922881378004e+00,2.477603891247613932e-01,-1.684097718070993732e-01
2.579952167405627605e+00,3.447697510559180056e+00,5.834713808682574498e-01,4.764164647753688975e+00,-4.643609295489752320e-01,1.805265069470672223e+00,5.933006890904460873e-01,2.967733422193709614e-01,-2.534288269838272933e-01,-2.274084937123475869e-01
-1.614674578029989538e-01,-8.448274258380472634e-01,-1.037559701958688407e+00,-1.901295658978412739e-01,-7.869201982843493370e-01,5.053665331155028362e-01,4.236350860854301015e-01,1.741298860817240557e-01,-7.440556173932353357e-01,6.572940639295997423e-02
-1.023516652724265841e+00,1.560152150413321170e-01,-1.080918828300136081e+00,8.948606741237404016e-02,9.222645472929581478e-01,5.237704713617479246e-01,6.422631483699862143e-01,-5.135666743594859973e-01,3.904513038659722657e-01,4.792885665722931149e-02
-1.399363599402557279e+00,5.595803930733331821e-01,-5.800034944162349992e-01,7.855651546589438594e-02,1.434625955605360437e+00,6.108342926865314437e-01,7.471832540307599135e-01,-1.622312024629352922e-01,5.487183474645651593e-01,1.962274489247972306e-02
-4.124750902594331858e-01,-3.080054874001285636e-01,7.691874384605176251e-01,2.799656749947588175e+00,2.309757113458478506e-01,-1.973581567005740611e+00,1.306368098819704837e+00,-1.842501459322110624e-01,8.355672049107136790e-01,-2.512261704728178668e-01
-1.673118854597013039e+00,1.500851780084637488e+00,7.000456361780472703e-01,-1.063644257963392459e+00,-8.517898277572354404e-01,9.935409534646108543e-02,9.662556610092397358e-02,-1.366924317985845905e+00,6.931073757197602214e-01,2.385447300137530091e-01
1.620915813533112315e+00,3.970104040243973120e+00,1.060364642369287513e-01,2.023886561078355850e+00,-1.651133592736936828e+00,3.436971469543559810e+00,-2.288445518745688911e+00,-8.938513921087936076e-01,-1.288288720536088783e-01,1.172157118474411452e-01
3.100313578386194036e-01,1.551391568748920813e+00,2.533584618692894530e-01,-1.397961204843015670e+00,-7.694812193560740532e-01,1.202330570274500882e-01,3.921084265254682830e-03,-5.826003321525612816e-02,1.033316622353512182e+00,-2.417069116899764336e-01
-3.678554070317950897e-01,5.208091351329269258e-01,5.894370475312511459e-01,-1.229763599610110836e+00,-1.322836167053659473e+00,1.483997409011277580e-01,-1.713050577903702798e-01,-1.089522965616385397e+00,2.150422601501320308e-01,-1.202700566790033433e-02
-2.383724488038610811e+00,-5.978219704466324336e-01,6.747020546014876885e-01,3.282087799686961294e-01,-1.801328769402562799e-02,5.668932484750510703e-01,2.059879047978111222e-01,5.731800488312981390e-01,2.807611526661955570e-01,2.330888025936178332e-01
-9.179759993060812029e-01,1.384083365948834743e+00,-5.286670258882641971e-01,-1.519302012971574488e-02,5.958438360223351493e-01,-1.173464309745125611e+00,-7.581232402063777798e-01,1.011669549410839641e+00,8.320273634831042153e-02,-2.363290889504004733e-01
7.830570807276892031e-01,-3.651616471911527384e-01,-9.769873953123939803e-01,1.284595671416874474e+00,-9.904554170697842386e-01,-1.171269103039493387e-02,6.043916961527275866e-01,-5.202754995912211022e-01,1.691355202893466969e-01,-7.537982110651048062e-02
-1.379968427379412832e+00,6.600973258147264933e-02,-9.335619225111584374e-01,3.333409969767267556e-02,2.599618478696819057e-02,4.263292037805907486e-01,6.301722520838046737e-01,-2.208016497196372552e-01,-2.342012218119012557e-01,2.592565955498115637e-01
-1.885359471944635379e+00,-2.762534713246356244e-01,3.800853305172312985e-02,5.471918194450352269e-02,-6.608360849958646588e-01,4.298398590406964370e-01,3.679438363210379426e-01,6.188056140643773961e-01,-3.436930531961368551e-01,2.348858795442927139e-01
1.835045965166078208e+00,-9.838689768197458330e-01,-7.347486108781149383e-01,-7.977789443661780222e-01,-1.516048298311464704e+00,1.029447865816326413e+00,4.562507820546512494e-01,1.845896436747009650e+00,5.332403612833385154e-01,1.333380147428705476e-01
-2.814169764056752565e-01,-2.176463047106877546e+00,1.710262456886923188e-01,3.425594288030923695e-01,-1.197788213439099136e+00,4.003286204137319615e-01,-5.817489097382639862e-01,1.551194348491002017e+00,6.474135869254911135e-01,-3.043380431565586575e-01
9.344886020998581788e-01,-2.667588175149477880e+00,-3.691718381097675028e-01,-4.445535377408853239e-02,5.194219156008073046e-01,8.492436783590234795e-01,-2.742010639157393959e-01,-1.537690834323866884e+00,4.267145303311684068e-01,-1.108995613793202495e-01
-2.341208192780465325e+00,-8.990648128400918759e-01,9.207117667608752942e-01,4.305622622029332547e-01,4.238757912602557076e-01,-2.702552647660695917e-01,-6.455683999192668443e-01,-2.856033518995665932e-01,-4.273264711402056104e-01,5.202032151544969674e-01
2.271674542062119162e+00,-1.942687915658695363e+00,-5.201549808402545771e-01,-7.109299116406131436e-01,8.369550161132683908e-01,9.745694574417134159e-01,7.457779646197083834e-02,-1.118801280793368269e+00,-4.826993498659196136e-02,-9.944684573519168430e-03
1.491085078281849441e+00,-2.307783444533237471e+00,-9.179161316818393868e-01,-2.657663358702670453e-01,-3.535086409543010677e-01,2.426116027002353515e-01,-5.409413504786911853e-01,-1.083596847052968215e+00,-3.936032190665149644e-01,-4.414897482406191474e-03
3.785448919980959337e-01,-1.273180344082306181e+00,-1.395476701398074448e+00,-4.682622359736938328e-02,-5.332507788090992129e-01,9.994460751688909184e-02,-1.182931277183817131e-01,-4.802871642788877904e-01,-5.161067334286466579e-01,1.793875851045669684e-02
-1.253680267712397711e+00,-2.313713673427107320e+00,-5.480974042269741442e-02,5.275564060575294034e-01,-4.888443989740917650e-01,1.092336677150110624e+00,2.611514344810210719e-01,2.252835025773355926e-01,3.398159657090608632e-01,-7.399946762083582132e-03
1.823821280730111738e+00,-3.230374803576797849e+00,2.065592952796981407e+00,-5.578831835683537715e-02,1.890483777648344743e+00,4.059306748998265935e-01,-1.526161411247992428e+00,7.736293950435698674e-01,7.291504058201239147e-01,-3.007881525270733603e-01
-9.988766748990511868e-01,-1.904041497322292109e+00,1.382636862789864196e+00,2.215733485964697103e+00,1.501196710655600675e-01,-9.702194542391062715e-02,1.790490117277314885e+00,-5.255125394272596173e-01,2.977180704945735501e-01,1.385429501111568040e-01
-4.915444524209594546e-01,-2.847889092223065965e+00,1.220972666225330405e+00,1.297336001927421878e-01,1.023402063338636259e+00,1.359351691442006294e+00,9.828716785656914368e-02,-5.371289697540411190e-01,-3.498272487218745952e-01,-5.578594015362403624e-02
-1.313601663150734566e+00,-1.520898501935554092e+00,5.332091507005232156e-01,2.059667146776511804e-01,4.541005068991411098e-01,9.515864118698396101e-01,2.668333066439763646e-01,-1.210116044724941775e-01,4.756282419171165010e-02,3.639204765697306998e-02
2.572248744375447635e-02,-4.842615873315235242e-01,-1.081616678476433169e+00,5.492301355310656996e-01,2.797742408437402517e-01,-1.409223280058242933e+00,-1.611129537987759264e+00,7.189584119949606889e-01,7.503034470519153176e-01,-3.570303552199220465e-01
-1.669490799887139554e+00,4.135270079955707390e-01,-1.862536794395312223e-01,4.946718283912944769e-01,6.345112516782520640e-01,-1.136720791058885016e+00,-1.055613534061437209e+00,6.433626985755483974e-01,3.343062397994825963e-01,-1.223843307253194151e-01
-5.483062903641874875e-02,-6.286437096916218659e-01,-1.420164492380134424e+00,2.504931372017774605e-01,-2.247894205173991966e-01,-4.269683931701155344e-01,-5.186714981927069701e-01,2.017741633446678839e-01,2.389264185195523749e-01,-1.682518618366763419e-01
-8.254597359295662296e-01,1.473145895599299982e+00,-1.283212259038923886e+00,-2.856534263211073510e-01,4.657645015034665020e-02,-5.392339642364580854e-01,2.131163329682938812e-01,6.135723351109451107e-01,-7.360443128444459360e-01,7.701952340807075026e-02
1.659901893819976770e+00,-5.544526301609679075e-01,-1.043814415572302812e+00,9.004478409580934928e-01,-3.916254480823484485e-01,-1.203085825421124966e+00,5.560683909360986110e-01,-9.413450332938039233e-01,3.411843894454857223e-02,-1.225185141979905773e-01
-4.636365280510836850e-01,1.109040846667198599e+00,-8.908219248452289851e-02,-3.200662318673680451e-01,1.001756386157935941e+00,4.513682367695487363e-02,9.858636497927759923e-02,1.148812676170873015e+00,7.299073350392295545e-01,-4.031251146546829256e-01
-1.199941391330508367e+00,-1.103912504803123085e+00,1.612737418982155724e+00,-2.877492539453062603e-01,3.775505250525780232e-01,8.874249561770867212e-01,2.304754833632475519e-01,6.509695809888331741e-01,-9.377344882238585200e-01,5.023887579376311308e-02
4.019228933451282626e-01,-3.085827817854185917e-01,-6.318046585127654602e-01,-4.384633301211371958e-01,-3.554345156168711162e-01,-1.402691761227643219e-01,-2.217064539883249197e-01,3.521025460935962581e-01,-7.115850241835351975e-01,-9.992733122240200772e-02
-2.141464977089226007e+00,1.373541671592492408e+00,2.978530860536879321e-01,-2.017936641370601247e-01,1.068568128227391778e+00,3.750385961393324363e-01,6.606402169574674410e-01,2.447339406205971402e-01,2.908364598351708685e-01,2.468044872456483518e-01
-1.536179843719153393e+00,1.358227265650886473e+00,1.019132242577740266e+00,-1.054819783975400993e+00,-1.301812473814469406e+00,-6.374888450920056238e-02,-1.456335017354578876e-01,-3.239158490727784279e-01,4.408527442580131850e-01,3.882558820268840888e-02
6.834463699767966138e-02,-2.147698836341283002e+00,7.664759019334772550e-01,2.567463389529558646e-02,-6.954895230170528297e-02,-2.065679653112438008e-01,-9.576805021127073880e-01,7.042775659849823677e-01,-1.552574017772429427e+00,-7.067139241355834683e-03
-1.295497307213396398e+00,-2.675308243106655937e+00,4.794282493354757868e-01,6.896446353808625140e-01,-4.741611654922325836e-01,2.541433028914032444e-01,-7.435142132492312816e-01,1.677265194454320152e-01,3.773428445320437755e-03,-1.376740174192232768e-02
1.244217505786048505e+00,-6.538931598220614205e-01,-2.003751327157693163e-01,-1.372393564614591832e-01,-1.071868731070639180e+00,-1.737514730463893819e-01,5.077102652256061388e-01,6.539497690002045172e-01,-9.632124971034885519e-01,-7.662821076805138854e-02
1.347710932690734831e+00,-1.904227480673276185e+00,-4.748046562927337177e-01,9.439189532481752076e-01,-1.486217113041374827e+00,-3.159149912950624528e-01,5.892935286385933003e-01,1.771250254977276284e-01,3.430865916547587435e-01,-1.744894100113176527e-01
-2.007984427918335868e+00,-2.131604828413477815e-01,-1.887324628712269414e-01,8.477813510698196664e-01,1.056102427950070810e+00,-1.333713964635008020e+00,-1.326983762129038125e+00,3.209047289711706476e-03,1.110365964650470577e-02,1.512585592356269215e-01
1.132617182918139287e+00,1.180163439031667760e+00,-1.014661434406359808e+00,-1.185299011693207394e+00,5.688393758181157223e-01,2.552378100616530254e-01,5.718153539682704345e-01,-4.647506093900530821e-01,-4.775067747043373334e-01,-4.544960999382639810e-02
-7.790516580808319880e-01,-8.079154689177553417e-01,-9.102502745799366801e-01,2.536319653733925539e-01,3.485361213246738754e-01,3.461317178173898279e-01,1.416332331595854255e-02,-8.331066425125296382e-01,8.426709862036846355e-01,-6.793996754995326737e-02
3.645305268214094507e+00,-6.730612412512061438e-01,1.957765003579081897e+00,-1.813825001813909932e+00,2.844414699881365194e-01,-3.847667201242523372e-01,-1.622183039633330104e+00,9.438494878996908088e-01,3.021813793744786425e-01,6.239830053994712689e-01
2.693000872890194408e+00,-2.255071490191979111e-01,-1.945013337284790422e+00,2.257204928283714218e-01,-1.549325809597641879e+00,-1.221056681189089499e+00,-1.202212457453462946e+00,5.182532732051930990e-01,5.306858143378931914e-01,4.079657883845081434e-01
2.959653089385838154e+00,7.679433289736344870e-01,-1.149664930488183190e+00,-1.270769076733970326e+00,1.442229738665561811e+00,-3.925968720438304249e-01,-3.022646522398004243e-01,-3.046082376265079605e-01,-3.428865484818358622e-01,1.875062742748483668e-01
5.608900418749308336e+00,2.405775299529624434e+00,2.667968465528789412e+00,4.847096728795492027e+00,9.988784031324507984e-01,3.127167443740185515e+00,-4.697177383411865748e-01,-7.088310682654814787e-01,-7.875432919728786452e-02,2.979046429878405844e-01
2.414481988401021850e-01,9.499667981752630830e-01,8.783300970047469569e-01,-1.074377710378816353e+00,-9.087180483821892529e-02,-8.248373924617024011e-01,-1.173218688483833150e+00,-4.924987495310759744e-01,6.016105267121264477e-01,-2.350224112301621260e-01
6.665392440894764015e-01,1.058616291246380570e+00,-1.348572956622909880e+00,-8.393155299643944023e-01,1.822665418080273436e-01,-1.022251802557583578e-01,4.368879508162430980e-01,1.094414323862589467e-01,-1.090141875467091959e+00,2.466990850660980526e-03
-6.583682008320662638e-01,1.390699345428487499e+00,-1.286891592356977476e+00,-1.683320627018941029e-01,9.797008412483172446e-01,-2.937990580289789322e-01,2.969993553540554720e-01,2.614828481001854610e-01,-4.474323412413182266e-02,-6.763374411109426831e-02
-5.218530836274610785e-01,1.850716344053133788e-01,-1.176139429980339157e+00,8.129368467484184846e-01,6.881320745647838411e-02,-1.576127492810717179e+00,-1.774860559260282411e+00,-3.724429395862803305e-01,4.416371119445948179e-01,-1.314710190007361001e-01
-2.004696627046161250e+00,-5.233180802819447086e-01,-1.530579245691597035e-01,7.918762952507122366e-01,1.041631409723392299e+00,-5.143871008352951524e-01,-6.395981430237992482e-01,1.319271321510067096e-01,1.709862096248661312e-01,1.542012256764778433e-01
-2.093877439814592289e+00,-4.408127572610081035e-01,-1.154015700575464071e-01,7.697745002802952596e-01,8.343642575087477642e-01,-5.088938588385140127e-01,-7.034910432309328110e-01,2.085725586167623546e-02,6.139213120704739568e-01,8.040103449924215773e-02
5.065562974876679503e-01,9.433292433242840280e-01,2.676847291500083603e+00,-1.605250768904706193e+00,1.090627499522359489e+00,-2.501906234849444188e-01,-9.218217454842789760e-01,-6.120184395810924355e-02,-1.862086234469111368e-01,-3.389602536898472240e-01
9.816144099384430666e-01,-1.425029694938919844e+00,1.300935666878746844e+00,-4.149093574266775053e-01,2.827900569737570979e+00,9.661006445981060731e-01,-1.480153916665748470e-01,-3.942388554406267565e-01,3.366611289680975783e-01,-4.131874096677637387e-01
2.829844508845602222e-02,-1.372975194469892857e-01,3.297833402559162685e+00,7.806533778897910558e-01,-5.256748472182809495e-01,-1.443202711168965591e+00,5.843290348039573701e-01,-1.506522614320555453e+00,-2.488964868403067271e-02,-1.232571953492330036e-01
-7.720331851638565501e-01,2.256025189311358314e+00,8.859471288495797126e-01,-1.530246394059800341e+00,-4.916155907118216484e-01,-2.902677188694166577e-01,-6.612119057328427751e-02,-6.663360193758141037e-01,-5.606215229181786552e-02,-1.191516515795047184e-03
8.211001474468273553e-01,-1.441351457565928751e+00,1.286959555928360865e+00,1.207843600032245807e-01,1.614306611684802190e-02,-9.195762368916603202e-02,1.530048160270546798e-01,4.552688039701076050e-01,-1.021973098412271685e+00,-2.074397390155742760e-01
-1.112891307915361505e+00,1.921919863911727699e-01,1.294827676421068663e+00,-6.814701634167555921e-01,1.589501435679279706e-01,9.113403721346019504e-01,7.420811037671420918e-01,1.367333386570006581e+00,-1.135314697744988610e+00,-4.736838034412651707e-03
-1.461578860598507612e+00,4.095473269628857604e-01,1.851953155737331158e-01,-2.435191645832589930e-02,-8.286271140325065510e-01,-4.994416125675278373e-01,-3.708065933008153903e-01,1.932129249535459170e+00,-6.221404278739254279e-01,-1.215462216876851131e-01
-3.430416753695084142e-01,4.760942734509110985e-01,-8.249688338707972246e-01,1.519672201268024381e+00,5.234383327508423944e-01,-1.391891691958540456e+00,9.042567275024702145e-01,-7.513737332424177406e-01,3.018334101267584613e-01,-5.209841491661701407e-02
5.018229167128079204e+00,-2.748355374853447497e+00,-9.687488440874734152e-01,-7.103108763026703132e-01,2.883995174750402790e-01,-1.161834184301089090e+00,-2.320991076713778245e+00,-3.803668206721925737e-01,1.438839585130361198e-01,1.333994442200908903e+00
1.763242011941112297e+00,-7.825897214580292971e-01,-9.290457947860342180e-01,-4.271281638362207089e-01,1.924003771695653953e+00,-3.045112129843662724e-02,-4.776550305170338961e-01,-1.475490193690581098e+00,2.206342372229307125e-01,-1.635823728314145242e-01
-7.169531505331638854e-01,-6.319101006787598562e-01,-1.300564673503854241e-01,1.765487504381492434e-01,2.042214044278494622e+00,1.260001203531919134e-01,-1.683266456262328681e-01,-1.171143801673106610e+00,-2.714427683637327116e-02,4.627783071052559566e-02
-2.553890404775638778e+00,5.891701659634821647e-02,-2.259646063902230051e-01,6.610876637733389405e-01,3.760953214279140200e-01,5.331245911673726523e-01,1.313798024725601588e+00,1.191094296385872102e-02,-5.239827665611391794e-01,8.997582140031141762e-01
-8.881966883060120610e-01,-1.868214334495815532e+00,7.300392888337270403e-01,4.819847047790798977e-01,1.208583507897480480e+00,-4.291353868179456077e-01,-1.233738408098107975e+00,-7.337917102172252237e-01,-2.817767674041309900e-01,-1.597529012033500895e-02
1.509208724367003596e+00,3.792177822566213941e-01,-1.804356366432988468e+00,5.916380178897800990e-01,9.359660546185420704e-02,-9.818730716938012248e-01,7.298676171768311294e-01,-8.240191970758101725e-01,4.148788317606932341e-01,-1.460277853156953798e-01
-1.534977468976030712e+00,-1.059286603184024678e+00,-2.545405086627740565e-01,4.936613518997121086e-01,-3.840874871150168346e-01,2.025497802301586270e-01,-8.568086310758188384e-02,8.430220038628910562e-01,-7.571611027158955953e-02,8.875733756795359903e-04
-2.460584124903014036e+00,7.023735458840202339e-01,-4.126618808208440958e-01,4.189734934415670353e-01,1.567472480982156080e+00,1.028692010628510650e-01,5.206586099326838690e-01,-1.972786961214036405e-01,-1.287862892244399649e-01,6.756976356979755849e-01
-5.033926981650139743e-01,5.081779446862855210e-01,-1.561405634125354158e+00,6.322981244240936938e-02,1.047796514128660261e+00,-8.934553569179044807e-02,1.861171014124005652e-01,-6.729240739012560812e-01,4.647332421565684712e-01,-5.003075136734262685e-02
3.202552140845837947e+00,4.023748159515574407e-01,-1.435144067250255118e+00,-1.143646977555725863e+00,1.497157799505641762e+00,-3.374261979151866320e-01,-3.585096791240987568e-01,-5.571076762957830608e-01,-2.306802646094132866e-02,2.598345585238795996e-01
-4.841107312868451751e-01,1.797557031769718927e+00,1.853646182102741902e+00,-1.577262587896449020e+00,5.209208810369198028e-01,7.541755106298652089e-01,3.900921251694594027e-01,-1.072630710802925380e-01,1.020356012626697284e+00,-3.636075581752015173e-01
-8.701782145334372442e-01,-2.001620056586951080e+00,2.635223702145552682e-01,1.094591311148684909e+00,-1.324971661743297835e+00,-4.781143284305727215e-01,-4.697166615693606495e-01,8.737556385808591397e-01,3.029747943059504789e-01,-2.317560089763928965e-01
7.451460498728469384e-01,-8.777202556126809663e-01,1.237361131917709411e-01,-7.508926896551083585e-01,-3.385566508100568694e-01,5.279351626016871579e-01,1.337798546994517501e-01,4.574124402954489743e-01,-1.166514061159221960e+00,-7.331953713748737278e-02
-1.381486600733307091e+00,8.707240828804295729e-01,2.501624661883968148e+00,-1.478108186567063109e+00,-1.031416214743099136e-01,7.966819194335023058e-01,2.827216173134380894e-01,-9.187008355044675723e-01,-1.040169591898958135e-01,1.583034173921797905e-01
8.138364191195739394e-01,-5.954639515100736968e-01,2.538832984153012173e+00,2.141728091127796940e-01,-1.491055738055895530e+00,-1.406244375502317068e+00,-5.999407659855210406e-02,-6.288311334048692913e-01,-7.230104917715743928e-01,-2.018635382626773334e-01
2.226448805722049951e+00,-4.877679131218141673e-01,1.914446960834333078e+00,-7.520337800914652648e-01,-8.072945509450073498e-01,8.446171703735363967e-02,9.459362807938994644e-01,-1.294568218279937843e+00,-3.061643894060311899e-01,-1.058945080785134302e-01
-2.533468025884536790e+00,7.473925949112151246e-01,2.063082884105623016e+00,-8.935289017754578511e-01,-1.337334519368913011e+00,5.735579793569604012e-01,1.138137364385913841e-01,-3.011634949033679676e-01,7.180848548630583972e-01,2.931177648632811716e-01
-2.133515400043315413e+00,7.253099316933678820e-01,-1.484309684286774511e-01,4.739590415607553564e-01,3.044769827494818726e-01,-1.441309685566719123e+00,-1.156242737499945550e+00,5.295527222058856731e-01,-6.542974404083577722e-02,1.204841372072937983e-01
4.909778775907087223e+00,2.005307138451752416e-02,8.055076818479288692e-01,9.764263763042194677e-01,-7.328848948149533360e-01,-1.012797395334341433e+00,2.505659211869350145e+00,1.164353777619589581e+00,1.135177593504131499e+00,1.449021686256324770e+00
-1.630660684353135048e+00,-1.909165540997965094e+00,1.123361812615627953e+00,3.491860584638253884e-01,-4.090379499640739991e-01,3.493463540456580030e-01,-4.708595652645581886e-01,6.419273822084710091e-01,-4.136239288088550681e-01,3.682236241936603233e-02
-6.761893553035607241e-01,-7.346538572959967484e-01,-3.960794613224780103e-01,-1.230349955307514093e-01,-5.976175243941647119e-01,6.477699113327136660e-01,2.693565417567174158e-01,4.633282849497561556e-02,4.175669600634437373e-01,-8.751942996500403082e-02
-1.579449817205975382e-01,-1.368630513821006145e-01,1.710357517732530530e+00,-3.026709929329050031e-01,2.420461353508175151e+00,9.278591328391477822e-01,7.338425967188558774e-01,5.537718512214787614e-01,-2.123189587073230078e-01,-3.824880100428444951e-01
-8.187050055441682517e-01,7.829071722303725389e-01,-1.857811306206843316e+00,1.544306561736511207e-01,2.451281106554956957e-01,-1.177984641428027279e+00,-5.884309871626274280e-01,-9.048992232654800016e-01,-1.337974800853537205e-01,4.416279776985034267e-01
-1.248860667835418825e+00,4.843655877039618196e-01,-3.837602903711754831e-01,-1.267791992272062074e-01,-5.194031044228298449e-02,-2.205615529714216039e-01,-4.594491808567004176e-02,1.626552882079946583e-01,-2.334392670937807945e-01,7.451240061571201556e-02
1.412175620367658979e+00,-1.279382330743176643e+00,-9.792457238369594030e-01,-7.152832908970117032e-01,-9.898608392637245901e-01,1.028687440938583553e+00,5.746141253574797991e-01,2.462531418879890799e-01,-3.669217762496262414e-01,-7.861822411070948629e-04
2.865806446456465206e+00,-6.183205859679817840e-01,8.289147406335595214e-01,2.214731282707254501e+00,-7.136443552816812419e-01,-6.271447985293026051e-01,1.105012312882454717e+00,-8.969895186265749443e-01,-1.040843103270953307e+00,-1.331280284182602691e-01
-1.782383898048206072e+00,-2.232715149026535340e+00,-1.258295798690477751e-01,7.309682518145316221e-01,-5.381197844672014341e-01,6.043255125640755177e-01,-1.872264695035782966e-01,-4.695322500955812495e-01,6.200797392201846669e-01,1.699422799564568043e-01
1.057497107883655918e-01,-1.289229412681466957e+00,-1.413512906251671364e+00,1.295831817743694492e-01,-1.242018473869020756e+00,-9.258247019528592636e-02,-3.656937416018812281e-01,1.731386261245557723e-01,-2.165935501189138537e-02,-4.636246390744973994e-02
8.698271346850429131e-01,9.377814453292865338e-01,-1.950783724346606851e+00,-3.685100841182218923e-01,-5.234965626583275577e-01,-1.191032613190583511e+00,-6.715100361694718023e-01,7.905048104266541031e-01,-2.993835625044448112e-01,-8.245963597939486023e-02
1.391764847017435525e+00,-4.333178867851276705e-01,-4.305886751877831542e-01,-3.384021288571535391e-01,1.009877778937044446e-01,-9.473481718507286153e-01,-6.742801018894597487e-01,4.088875959579316155e-01,-1.517774905728146217e+00,-3.711911251300632070e-02
6.898914471355694911e-01,-8.073626045238374571e-01,-1.016045097392897834e+00,-6.126321422061403732e-01,-1.038135121871134992e+00,7.160822069610460749e-01,5.327122076488662872e-01,1.571432608202621706e-01,-6.940586292440947824e-01,1.374172408564365913e-02
-1.501435374119622912e+00,-7.986350838618295755e-01,-4.301912979895405886e-01,3.240095182684833985e-01,5.862815473383116149e-01,8.794934561116570793e-01,5.584306691886027352e-01,-4.641401889930803493e-01,6.471605071255881469e-01,1.138603245396699604e-01
-1.893731038127840272e+00,-7.342403289472530792e-02,-1.907786394029290788e-01,1.854372546954975443e-01,4.106679357227295268e-01,6.153367668225583342e-01,6.033955243698196913e-01,1.622736896765074599e-01,9.551101228194175397e-02,2.410151897785649255e-01
-8.642624651477613940e-01,1.035242754069343407e+00,-6.543549857539072701e-01,-4.284653397227475291e-01,-5.581116643848366143e-01,-2.411173975702939065e-01,1.743628903085643334e-01,7.607357379859798208e-01,-5.286971640852962118e-01,4.914618492214679543e-03
2.144312939849211119e+00,2.343130515330861918e+00,-5.876030034504658994e-01,-1.948927562655285550e+00,-1.025264747953347766e-01,2.423715137021875965e-01,3.310229927444478526e-01,-1.255861387895839537e-02,1.593642686861874713e+00,6.915210992209536167e-02
-8.686039802920112463e-01,2.610958906045953043e+00,1.791923555976702165e+00,1.096099979666256719e+00,-9.022243379376950756e-01,1.119826611338802680e+00,-2.244932771455480758e+00,3.007976282829373793e-01,6.045120451155604480e-01,-2.191829014883414917e-01
1.495843647032799373e+00,-3.132938436465294574e-01,-9.113739889337051370e-01,-8.080552095848946292e-01,-6.423903050037301776e-01,-4.854921468084656688e-02,-2.431654192418771510e-01,2.026167036087259399e-01,-3.200263057241597431e-01,-3.297923168240715630e-02
2.973794701257171713e+00,-4.127157177528391063e-01,2.282153814240522216e+00,2.200904827742388825e+00,1.301467438825651524e+00,-2.238676447956681859e+00,1.292524784745380906e+00,6.168066804397671632e-01,5.745279512790691934e-01,-3.567318695079029767e-01
2.574012498611601973e+00,3.874703828359927993e+00,3.746542265333103194e-01,5.013710081619781711e+00,-2.584963662057685255e-02,4.033919288294992356e+00,-2.053024519464871300e+00,3.370856400308023387e-02,1.442532038639463277e-01,-1.580725568282053128e-01
-1.495610697015959278e+00,-6.313375677485466575e-02,-1.038148138318627511e-01,4.244513674436263817e-01,1.103547715384673999e+00,-2.040829112365273867e-01,-4.345220851567915821e-01,-8.137944715983458322e-04,9.801481899581903079e-01,-1.554788604810842523e-01
-1.770790722351114121e+00,3.714528192001059770e-01,-1.161676121180641730e-01,2.644960790190999944e-01,6.728571357923268659e-01,6.533401210024969430e-02,1.987510142742802688e-01,1.042496622243632931e+00,-3.921850772744895491e-02,3.124870495840474660e-03
8.651239007913753554e-01,-7.661136731102797803e-01,-1.657917573212922546e+00,-2.270061789275258923e-01,1.525729883365390671e-01,2.308852138397300968e-01,-2.192549468559676709e-02,-1.129990655874950400e+00,5.358529372559843740e-01,-8.154941027650848551e-02
-2.262112034231590907e-01,-3.761435740300339559e-01,6.169389237804737830e-02,-6.695266081007037462e-01,-5.645401306467341396e-01,1.219223213755467494e+00,9.491598812056408763e-01,7.387449099489975524e-01,-4.563723119114812543e-01,-7.885062864147453221e-02
-1.853145194455705580e+00,-1.075687526431868601e+00,8.526749743663529779e-01,5.442680658381032766e-02,-7.856386999381477221e-01,9.434119639785308875e-01,4.301646115834300566e-01,1.101490853444464957e+00,-2.777412436299359078e-01,1.126751469353369783e-01
-2.962498028026475660e-01,-9.805399485965119455e-01,-1.597200916220070877e+00,4.359415267189779009e-01,-2.912530759146254589e-01,-7.071556653688173544e-01,-8.975141238968868951e-01,-8.325881188316067716e-01,4.791506320819938214e-01,-6.529749793916454770e-02
6.205600588661007722e-01,-1.625605812478925216e+00,-3.250521197292233211e-01,-4.406047703800461401e-01,-3.046098124381292904e-01,7.033563452424022033e-01,1.090907547927433829e-01,-5.756694904943640001e-01,-6.851015985214199411e-01,-9.787618230438943526e-05
1.241864030726038681e+00,-2.008462258362248676e+00,2.227147684059702371e-01,1.661828763595811109e+00,-1.297383356340471305e+00,-5.077618887901206302e-01,1.338722707308020343e+00,-3.732754738100230729e-01,5.290556982931996499e-01,-2.334643222773816751e-01
-1.396118678808404345e+00,1.715853329592895160e-01,1.976252151901374932e+00,1.208141518838629747e+00,-1.283921473470001073e+00,-2.016598183439242131e+00,-3.947731986712457175e-01,-1.030957677401475703e+00,1.152624917190999687e+00,-1.261198122029814628e-01
7.795602332809626667e+00,-1.814609678136139548e-01,2.903885591197815863e+00,-1.000083619939040824e+00,1.312027695677901118e+00,-9.213979459527165128e-01,9.701556623132699675e-02,2.067468607749326726e+00,2.537176322818993857e+00,2.712944249553873810e+00
1.448190141128991693e+00,8.323996197490438620e-01,-6.584475796374749113e-01,-9.391036015918214908e-01,5.471792615738562543e-02,3.098045209795366461e-01,1.896569657924206675e-01,1.250766819993794687e+00,1.006840055997507699e+00,-1.768864156287705547e-01
-2.229100171703343847e+00,-3.211625477918035876e-01,3.660213397247796263e-01,2.830953043235966970e-01,5.304388998702593838e-01,-2.537498979505513619e-01,-3.433843377194403246e-01,-6.728690297897466088e-01,-4.007794233383705218e-01,6.205676825478967373e-01
1.142769170990276528e+00,1.703971126761011368e+00,-1.406793367573472064e+00,4.073192876987464239e-01,3.848184087976425638e-01,-1.396041602187453545e+00,7.342157241914518684e-01,7.529790158423103896e-02,2.236948754808947837e-01,-2.219781792709813462e-01
-2.570650417624921857e+00,1.000064977615544803e+00,9.316908446618792777e-03,3.274730964228844687e-01,1.029037181258290357e+00,-2.602791337761987678e-01,1.524098449400659583e-01,5.692116248326724026e-01,-1.555352788895255356e-01,4.808847345712523591e-01
1.581597229352411871e+00,5.473956119703011769e-01,1.972438869507827430e+00,1.968561238200582375e-01,-1.318946894338121067e+00,-9.910588178789780933e-01,1.682453741330587338e+00,-1.407749810075048735e+00,-4.501263334024366292e-01,-1.359995333454090127e-01
-1.100494789916262262e+00,1.287781905270302563e+00,-1.170472629923576591e+00,-1.733990978216201906e-01,9.906669232558534821e-01,1.206196246956913326e-01,7.003122076307239929e-01,-1.230388568077069728e-01,-1.036295905742259521e-01,1.070404754558029192e-01
-1.177953025039379410e-02,-3.497332421672417202e-01,-8.278707753166655303e-01,-5.170028387162253214e-01,-1.054794712686089042e+00,8.013532379090366753e-01,6.419467243867454931e-01,2.940382122536338572e-01,8.109098284202788387e-03,-8.751410699154395234e-02
1.475256221147821956e+00,-2.381548151240299838e+00,1.046253878541951288e+00,9.814957741586007867e-01,-6.069100447695151557e-01,-2.712995687255070343e-01,7.577022949635923155e-01,-9.350803092192969124e-02,-6.805566131972632382e-01,-1.962923704363044031e-01
1.387568588397870784e+00,2.110717963975004829e-01,-3.995313481279617607e-01,-3.864859730226680723e-01,-2.591212243901284573e+00,-8.771093755882252152e-01,1.639180888812829251e-01,-7.263732154365981630e-01,4.570638983920966014e-01,-2.133281731519501637e-02
-2.185883695071889843e+00,7.863758610168614105e-01,1.455324363285089406e+00,-7.300015307892694372e-01,-1.709089890291165315e+00,-3.241312040087482305e-01,-5.847650790099779838e-01,-1.537417181041284830e-01,3.318819201131691377e-01,1.851134426816272160e-01
6.454763597871929770e-01,1.091019967519466505e+00,9.981584065257451677e-01,-1.824384883913447331e+00,3.198502098876107591e-01,5.516856901664560775e-01,2.333057527108559903e-01,-1.695686832411215095e+00,-1.805695391349069860e-03,-9.808867430550828603e-02
2.083762197955508100e+00,-3.160079955188158873e+00,7.771374358743133870e-01,-4.664116634990371213e-01,1.047262267022564641e+00,1.114769184620997278e+00,-4.768779723722434416e-01,-8.288066407054720530e-01,1.798438545984619163e-01,-1.324696949417319969e-01
-1.994556513596449365e+00,-3.823112258351191728e-01,6.963279594066618117e-01,2.415679073795665155e-01,9.478274950897341844e-02,4.070256400036704192e-01,4.247109138461942213e-02,9.814323361418422209e-01,3.889650447698573266e-01,-4.090319962166620582e-02
7.748423615459930636e-01,-4.315533849864218174e-01,-1.326601120263396272e+00,-1.460283846316724476e-01,-1.205751297329595406e+00,-7.510880036115866742e-01,-8.361855934007359492e-01,1.091489096844882267e+00,-5.688284140877261294e-03,-1.399769217222959494e-01
-8.730504376024875168e-02,8.654349885797789632e-01,-4.514068175840611069e-02,-7.679859652203104847e-01,6.700973686505439231e-01,3.894013883097521833e-01,5.292448547906275502e-01,5.102155254239573168e-01,-5.474052781607028351e-01,-1.450444954317922641e-01
-1.864292620035531645e+00,-1.304177496013401161e+00,4.263835524599560167e-01,2.615645644011864723e-01,-5.210456851444728033e-01,9.840467768189574693e-01,3.869426178929823434e-01,3.709523366570195990e-01,3.499470066205729313e-01,9.752811223355882519e-02
1.478064319938725557e-01,-5.921699951118152283e-01,-6.947101645772890688e-01,-4.411492390573860667e-01,-1.192545055891605310e+00,7.746660714550065441e-01,5.247083083627538391e-01,9.357647875641253998e-01,-4.915191653065844463e-02,-1.223238826160321507e-01
-1.538535570380384687e+00,-4.167116867660822788e-01,8.396442159895928237e-01,-3.278481614743074257e-02,-4.282993530804254378e-01,7.296044009679673037e-01,3.076027327762692609e-01,1.731088782670409110e+00,1.607569596536069512e-01,-2.202419639565097453e-01
2.503992260890576027e+00,-1.574860902438110832e+00,8.516847935004541181e-01,1.165115674178879734e+00,-2.758279227442683168e-01,-1.461820382478279612e+00,7.093097583751872826e-01,-7.135970327730469798e-01,-1.168928947651656003e+00,-1.203354802705811633e-01
-1.703773919789650870e+00,-4.078906662028400354e-01,-1.205717596890489185e+00,4.491266259659842941e-01,7.135605545772756297e-01,4.191491090661823016e-01,5.221211362456057437e-01,-1.101692390654139597e+00,1.912380754824471452e-01,4.871351611015457550e-01
-1.728233683818129585e+00,-2.501573518783841710e-01,-7.497456746983003351e-01,5.766977635915028211e-01,4.081965543442958588e-01,-3.700981216208376057e-01,-2.774813190359891601e-01,1.276809554514473921e-01,-2.599979393139955144e-02,1.580178299639842798e-01
6.627276849235892442e-01,-4.941164573568397334e-01,-1.045743718983285664e+00,-5.854920000650544187e-01,-7.069157495051696660e-01,5.155541029965844402e-01,4.863363580143152398e-01,3.969187689681364373e-01,-9.104983739781686847e-01,-1.098988763042800694e-02
-7.094427720872884535e-01,7.557046390054100726e-01,-1.368604743383313949e+00,-3.309769094989372107e-01,-1.309322916256031311e-01,1.452160213082523688e-01,6.022339607023831087e-01,-2.637445797461226982e-01,-3.734167685348871446e-01,1.480186019655695406e-01
-9.754508470628213690e-01,-1.043538485483540779e+00,1.871396847069180636e+00,-7.468346347688982201e-01,-1.835694546064964294e+00,4.268110435250277446e-01,-6.384119461172172993e-01,-4.889200643287707621e-02,4.871542472573260896e-01,-1.393266991663994481e-01
1.783184225979761450e+00,1.985598092896301847e-01,1.574569237654231735e+00,-1.657107521140284145e+00,-7.835766279881362095e-01,2.722208091243444317e-01,2.381592320926858852e-01,-5.425942922458781847e-01,-7.897761745840652381e-01,-6.908192934658999307e-02
-1.773370734770247648e+00,1.788856452553541310e+00,1.281336272639165275e+00,-8.421775605955597044e-01,-3.626004237520094597e-01,-1.032753479243730288e+00,-9.922064562311000424e-01,-5.900310168672735500e-01,3.608636477030798262e-01,6.326370706772921348e-02
3.321538977120002678e-01,2.583105314209986347e-01,2.035450335715605075e+00,1.045520834640991659e-01,-1.239005498174482689e+00,-7.750693429860399108e-01,9.101834706503081351e-01,-1.297452456554267775e+00,-3.833388983989361593e-02,-1.111566651660163690e-01
-1.662743278829672822e-01,-7.189664215539426362e-01,4.736517665917328035e-01,-4.925639011606602335e-01,-1.757255844191060401e+00,-4.078445888437587930e-01,-1.231275209335395804e+00,-2.662646435478638884e-01,1.243640895851803929e+00,-1.961902603441034454e-01
-9.107054175201468871e-01,-1.623026868014826318e+00,-9.303425606687456551e-01,3.400197836208342927e-01,-6.707430149672520825e-01,7.875759416372655197e-01,3.785110474720658202e-01,-1.406732008726087613e-01,7.982619889132057389e-02,6.753519860977116873e-02
1.158474832163352897e+00,1.710705575421058722e-01,-1.869111028152202092e+00,-4.222761578269541016e-01,-7.297722181434456168e-01,-5.374672637381552320e-01,-3.860657331042076645e-01,3.621103418657912743e-01,1.272057502967859355e-01,-6.652380467967691779e-02
1.264634890345265994e+00,7.664692860162148902e-01,-9.948968409970202487e-01,-1.118462884127775059e+00,3.924986842131547755e-03,1.618435659337030263e-01,3.568138248813856883e-01,-1.064664066278989962e-01,-5.650399708100116714e-01,-6.952727961050272909e-02
-4.298541594056648485e-01,1.499588006020531994e+00,-1.212093525559615692e+00,-6.741588542381509175e-01,-2.138173031718632322e-01,-8.376435641318037695e-02,5.232386558690025335e-01,5.475122151381058011e-02,-4.056310611400780197e-01,1.864788310481419950e-02
-5.737264656478678893e-01,1.398758900872336453e+00,-1.208844905954277182e+00,-6.086689697066829385e-01,-3.997471064199478730e-01,-1.851822449653097724e-01,4.349270352509480020e-01,8.251416447875803417e-02,-5.498681749738859592e-01,8.898077107584252687e-02
-9.330191404356675822e-01,-6.654346642999893480e-02,-5.586068992584857645e-02,3.042961574272444181e-01,1.054752875625952768e+00,-2.337100314977856585e-01,-5.658976144306328004e-01,4.546421746182278678e-01,1.160940606652675955e+00,-3.782167942386023274e-01
2.765596843132347438e+00,2.076831417336873375e+00,-1.270689993959026598e+00,2.089127323414699422e+00,2.257027548330730049e-01,-5.064374135968611190e-01,9.060076075951067898e-01,-7.355530686085887115e-01,2.831955144859667484e-01,-1.341829573516042928e-01
-1.715863027287814591e+00,-2.616397948312713662e-01,3.224392900046347821e-01,2.130431421826397553e+00,6.197448514430632382e-01,-1.859312776579270743e+00,-2.804138506633213276e-02,-4.943815827686183217e-01,6.604808715904874061e-01,9.725706664349059727e-02
-1.445670994824868938e+00,-3.792848681499930152e-01,-3.773786754679377409e-01,4.274412529171077724e-01,2.945676051124304640e-01,-3.323694217554784003e-01,-5.104710480538413586e-01,2.443633085134909802e-02,4.818560771785373453e-01,-4.620318937484720750e-02
8.343895051986562894e-01,-1.064075201969746587e+00,-1.824516525182163118e+00,-2.445587466989455616e-01,-9.488758196149249535e-01,6.130111259448409733e-01,3.856577688405085635e-01,-1.624200263080610995e-01,1.929672876410461757e-01,-3.722686307333434447e-02
-2.393016902881332175e+00,1.411108039825637317e-01,1.150743093877308332e-01,1.397208460884508674e-01,5.491964588836399930e-01,7.656186438391078264e-01,8.597985043073420597e-01,9.472741644263789340e-02,-1.793435609587421264e-01,5.937032568272949673e-01
8.184901689704019434e-01,6.864024888982853678e-01,1.142311177355264329e+00,9.845393577620011882e-01,1.608499731592615278e+00,-1.428352372883762822e+00,1.080738005246321798e+00,-8.696076643485012303e-02,-1.080711689594824998e+00,-2.473699876526140318e-01
-5.852401301900219677e-01,8.644553201367952133e-02,-2.024319261405010117e-01,6.969636527280433924e-01,1.180195182416962307e+00,1.670464856217140359e-01,9.827858514501428555e-01,-8.306770784858059642e-01,1.278669289803602505e+00,-2.099068996908586837e-01
8.384403292756352766e-01,-4.994285947754852073e-02,-4.158056882860383108e-01,-1.180244261802819272e+00,-2.439721508196889932e+00,-1.809729752337824182e-01,-5.221405009011008680e-01,-4.064382967707218519e-01,2.198381839721466890e-01,-1.035759612486827734e-02
1.438652774812370083e+00,-2.473795943950674592e-01,-8.973812696538498168e-02,6.281903125839748414e-01,3.270961466746732937e-01,-1.455399563352083092e+00,1.943555851746411600e-01,-1.770336135095118835e-01,-1.153321852707233086e+00,-1.531744438624948468e-01
-6.469995168957139997e-01,-3.572881475714168031e-01,-1.347499294555388083e+00,4.116027466765366238e-01,-2.039661433708709892e-01,-6.202970457405674320e-01,-4.120113297167964928e-01,1.113236489696635967e-01,-1.131619158261458757e-01,-3.753920558365621274e-02
-7.373802674346949804e-01,6.969718563191409366e-01,-9.492263727245967564e-01,5.636979408445892681e-02,1.199280058358151324e+00,-6.303781474490785519e-02,1.475822867823253504e-01,1.246866225779896253e-01,5.036108971694571723e-01,-1.791532187854667224e-01
-2.214845269085581769e+00,1.436828674194575162e-01,1.521932189172333916e-01,2.124584778623292425e-01,6.480356149829041845e-01,7.979393720767666842e-01,8.561252841723077101e-01,8.621971239813515098e-01,-9.692603310584520238e-02,2.766502444167209807e-01
1.183627848190107607e-01,8.528210632348099951e-01,3.814657177804473775e+00,-9.927106076564602422e-01,4.441067594402032248e-01,-5.730060895538523491e-01,-5.207058562988355899e-01,9.899588091812830948e-01,-3.668973616839917851e-01,-4.626901461952424022e-01
1.450887076127696629e+00,1.292407176199888763e+00,-1.815304187170010630e+00,-7.168466302062774798e-01,8.288738251297670390e-01,-6.880541082696992050e-02,2.726667015896551138e-01,3.371310849883599747e-01,7.442083743552831976e-01,-1.901083330056054232e-01
1.296950623720800388e+00,1.047274213199995474e+00,-1.565494571559085335e+00,-8.555231329594401579e-01,6.437961949900727898e-02,1.732001280580524050e-01,4.384897179143215640e-01,5.163511891277328125e-01,4.218961040433948373e-01,-1.493187953647573396e-01
-5.227507061313849818e-02,8.438792477510029810e-01,1.579459251749625315e+00,6.351111992361113678e-01,1.139129666504264504e+00,-8.846601098912308947e-01,1.114292648018765597e+00,9.766638586862641525e-01,-1.257272464750919694e+00,-2.247740589866895622e-01
-8.192911591514534519e-01,-2.439270594182918195e-01,-1.318977316519392151e-01,8.538565905213530982e-01,4.080387482107670216e-01,1.195252595445745053e-01,-4.987044934546330799e-01,3.296012898351690645e-01,-1.645572903417905908e-01,-7.938436228585796228e-02
-2.137397163094851837e+00,-6.294765862971513082e-01,2.453930162100099316e-02,6.572788090948200601e-01,6.412952892728763787e-01,-7.143235419962737920e-01,-6.808981869075900750e-01,5.936045633695725965e-02,-9.853495812758233940e-01,5.505563889696527546e-01
1.733817900674038126e-02,-3.501664040609113737e-01,-6.707273723528552889e-01,-6.034770103445014078e-01,-7.953629922673479680e-01,6.862577252618926593e-01,5.628688253791300777e-01,-7.997660296692275794e-02,-4.385947305068889635e-01,7.471992989467231457e-03
7.399772072743229234e-01,2.876268299077776813e+00,1.554649499559128123e-01,3.864792152906372236e-01,-1.941282947695623706e+00,1.210053723008451598e+00,-1.671860735389874231e+00,-8.610715729401587915e-01,-1.109771747294867827e+00,1.771838246402621941e-01
-2.278110345261697756e+00,1.219036525565913021e+00,7.494580164017802248e-01,9.993970544124500255e-02,6.064802762897107957e-01,-6.165161633644086203e-01,-4.121226390147316732e-01,1.450732636922207996e+00,5.730363714825034704e-02,-3.233312830687903872e-02
1.747186633447224802e+00,6.174182811957432682e-01,1.239455565181488472e+00,1.486397847586142573e+00,2.830697220270116943e-01,1.303073174934336720e+00,-1.115149240859272251e+00,5.162304467969998090e-01,-4.643482538243896007e-01,7.803033486226154843e-03
-3.587582743034352650e-01,1.941376983272068646e+00,-8.102746897530359593e-01,-4.916963311395982639e-01,8.735280103377801586e-01,-2.264217168963733873e-01,4.065739251490234074e-01,1.372469264982430381e+00,-1.515266782696365055e-01,-2.759649742016291318e-01
-2.197703324099042455e+00,1.372567831425257179e+00,1.320940745171641950e+00,-9.915250939746182990e-01,-1.618153901766869796e+00,-1.352226937822067765e-01,-1.573090825032445184e-01,-3.226086873396165622e-01,1.351109317981158131e-01,3.164451944255820548e-01
-1.971703848347450938e+00,2.275833983571227959e-01,-8.938079498350907093e-01,6.791767525678649164e-01,1.060405901542670337e+00,-8.348220662555548843e-01,-5.252532173062974818e-01,-3.766105031261945402e-01,-2.572594040157222262e-02,3.565261023636448479e-01
-2.241528039146285955e+00,8.470048841655413163e-01,6.056484560948468543e-01,9.707023960570511367e-02,1.186514370537372631e+00,-5.533486636109707923e-01,-3.570504001432423524e-01,4.597954446526470590e-02,-3.279976930531817714e-01,3.933095267949692220e-01
1.021640240652707532e-01,1.399590515984213024e+00,-9.697781049568833245e-01,3.572652681611724335e-01,-4.431499047507259648e-01,4.431608572321914519e-01,-5.682468710493117081e-01,2.920835003807649155e-01,-2.655833233544078742e-01,-8.056430828057438431e-02
7.472453930552046542e-01,5.322617320105348382e-01,3.810408121257847225e-01,-9.591751511104993355e-01,1.412446192641017895e+00,1.092951780737128065e-01,1.592951800788813266e-01,4.855757720578205983e-01,-1.556454693923286614e+00,-1.582468812711156358e-01
-1.828619537279323026e+00,1.167772059092913178e-01,-8.189997101652681799e-01,6.434689356168050711e-01,1.387923098578639214e-01,-1.231110522403398244e+00,-9.496294239036916496e-01,2.779387732447315962e-01,-2.835415065793686629e-01,1.860235840208123714e-01
-7.371066373698603735e-02,8.474052492509350776e-01,-1.854641679939986076e+00,-3.640328167406622351e-01,4.262658539944804703e-01,2.786611445395297815e-01,7.741818523200570956e-01,-3.751268707932762791e-01,-1.089276793052517123e-01,-3.356501515317177834e-03
-2.564536424724442654e+00,1.625781445302759254e+00,2.091416132527119220e+00,-9.657719495695242795e-01,-1.806652028173018953e+00,1.211673109270583470e-01,4.159135242676424982e-01,1.759356281016638546e-01,-1.941904999662211542e-02,4.340025060784176159e-01
1.813633306200783113e-01,-2.139328897512803085e+00,1.602027000739391749e+00,-4.116336454397447331e-01,1.319634878161346059e+00,1.657093623560103479e+00,4.834259275963108671e-01,1.864910860947085469e-01,-5.613295784639019681e-01,-2.382629678469961876e-01
-6.293861633880893924e-01,1.301924268500159521e+00,5.495725501270776192e-01,-1.274916798963030118e+00,-1.678458219333682999e+00,-1.994913305215991611e-02,-7.790129898895631344e-02,-5.494843373108120738e-02,3.244833727608315566e-01,-9.396387149098975322e-02
9.745968751097150440e-01,6.678130156655370797e-01,-1.707986464590266262e+00,-7.636116994215157439e-01,-8.685304463031995326e-01,1.335085438180332387e-02,3.469666517710510156e-01,5.797607816191693297e-01,-2.607271127685087397e-01,-3.316673614595414682e-02
-1.820180183573973487e+00,-1.789730141515984418e-01,-1.906466160302812685e-01,-4.657732221349387275e-02,7.455331496107107936e-02,1.386625009969861155e+00,1.397934717284500028e+00,4.606653934570487108e-01,-2.688655476839387215e-01,3.260462506085249901e-01
-1.771748756891405596e-01,7.896568841916320469e-01,4.098996507427465907e-01,-1.257095828431634033e+00,-5.666742753303004587e-01,9.067821091387777699e-01,4.640189903901862922e-01,-1.167187351355077451e+00,1.493831620497060753e+00,-1.574720512306607978e-01
-1.257896901686083035e+00,6.107519698248228268e-01,1.831585308022459335e+00,-6.852128427758358113e-03,-7.925213066090182057e-01,-1.489261689986578485e+00,-1.087755667487842581e+00,-4.761222044563618305e-01,5.760403971060426009e-01,-1.636361563112720963e-01
3.321320457651804059e-01,8.856587673516451709e-01,-1.159775505047540456e+00,-5.670146926722315905e-01,4.670036204885807951e-01,2.951660048100806510e-01,4.749332005016206892e-01,1.216388999629014617e-01,5.301208452615141509e-01,-2.260156071692469015e-01
-1.817320997709388486e+00,2.126174429417291734e+00,1.342275805290477519e+00,-9.188755102956320808e-01,-1.026593403706754559e+00,-7.195722806497092394e-01,-3.683300748997420659e-01,1.813229810453942936e-01,2.774992413341417219e-01,1.074534481076928373e-02
-1.678245821307009056e+00,-2.098861024330800351e+00,9.079750665952318611e-02,5.452975539070756827e-01,-5.961987769379583080e-01,1.056335403344972779e+00,2.849637815865554979e-01,1.917880234373770809e-01,4.341659120488354784e-01,1.710541853948186752e-01
-8.049526554804180556e-01,6.285027735490726908e-01,-9.642445875944604117e-01,-2.480238873223050977e-01,-1.323311537975385421e-01,7.161911090780682942e-02,3.940664479603905312e-01,2.711399245232511968e-01,-2.771250977975976970e-01,3.981353252002647197e-02
1.968358242574727912e+00,-1.997598298234706471e+00,1.325241947971621981e+00,-4.940403036460628838e-01,1.519233744225930938e+00,1.652855666108654364e-01,-1.116046682126009992e+00,6.318632364547446256e-01,-5.227915646847705600e-02,-2.358829342059128031e-01
1.028986635219077073e+00,5.470665493156373627e-01,-2.394644163837071626e-01,-1.487671515244524789e+00,-2.302433890502774361e+00,2.867519446069417000e-01,2.850728405538692153e-02,2.318828451595097151e-01,4.452222928866075291e-01,-4.495309133295626730e-02
-3.764779057752229430e-01,1.338211935090680926e+00,1.853957085679596162e+00,-1.303769379770043590e+00,4.939080104020736606e-01,7.876366691991454339e-02,-3.963727515817510039e-01,-1.683310539553648510e-01,8.853260983530146788e-01,-3.806403923358065433e-01
4.091099109264021982e-01,2.094394276370277197e+00,6.424813774922643050e-01,-1.816323620832858365e+00,-2.966007918050387326e-01,-2.926831958169091863e-02,9.878862273340539846e-02,-4.707084583510539044e-01,-9.873441732108485802e-02,-1.571906044448122541e-01
2.440058977787319172e+00,4.154853537096056648e+00,7.075000560430392271e-01,1.292170580904730137e+00,-1.110333013953717973e+00,3.008477749060921358e+00,-2.292856354089153115e+00,-3.858780482513239907e-01,-1.047397684411012886e+00,1.422663197764051091e-01
-7.505221149019718485e-01,-8.026262727392589058e-01,-1.128852258313688850e+00,5.191200709511851752e-01,-1.458773023161019644e-01,-6.446837756388575924e-01,-7.912636261012818695e-01,-3.629953816806210341e-03,2.583095594105569437e-01,-9.439093883306859389e-02
-2.079214171277036505e-01,5.763081878882125864e-01,-8.990706330434536930e-01,8.096438106806731483e-01,-8.645548082564077363e-01,-1.457696822949630988e+00,3.541231814625117602e-01,3.092641063655516831e-01,-5.576914354186874867e-01,-5.842457421993747790e-02
1.191621809313486269e+00,2.791677009018177502e-01,-6.303983280617792007e-01,2.127237929998070654e-01,-2.087787827961849196e-01,-7.744706774988864284e-01,7.164448347124826588e-01,2.084565142893292089e-01,-8.288898871559621240e-01,-1.287729595605969779e-01
-9.284685806264918462e-01,2.208271776351257709e-01,-1.099861186913443145e+00,-3.385450368011514583e-02,1.464368582663445363e-02,4.627523662137613542e-02,2.929360338918299833e-01,-1.113692763129691954e-01,-2.675870617932072371e-01,8.552490688167174726e-02
-1.158728528581984385e+00,-1.106562298616613482e+00,-6.472481421327435092e-01,7.461973876983061249e-01,1.293507845489870189e-01,-7.618533454644047520e-01,-1.160604783655937888e+00,-2.062907239158671691e-01,7.352779845762641431e-01,-1.293583555991551781e-01
5.641136697284535595e-01,8.290076297553542473e-01,-8.330303552936487721e-01,-7.342829320911992141e-01,7.964535765023363911e-01,1.501673553902228286e-01,3.268987517562042533e-01,-1.241207560465942134e-01,-1.332849885141904334e-01,-1.815652364973421584e-01
-1.690625317322816512e+00,-2.194541077437914545e-01,-4.870067807348665845e-01,3.199356007114949052e-01,1.047279192613762788e+00,7.470174093075890864e-01,6.726615190178545367e-01,-2.844896344929112586e-01,4.956168885640346300e-01,1.600068489404983529e-01
2.735534981587393055e+00,1.121162653399451647e+00,-1.256819291091618274e+00,-4.481071909476126436e-01,3.618882295687542716e-01,-2.917096550087335260e-01,7.659822842587565850e-01,-2.019553766199109687e-02,5.325531629704631509e-02,3.498609787867792281e-02
2.073067438189616141e+00,1.781510165207835339e+00,-1.646894010729553326e+00,9.220130483364613605e-01,-2.594197965256783700e-01,1.003001316891702244e+00,-1.325442790446702324e+00,3.117880329612621737e-01,2.036809390669288289e-01,2.827962451238262911e-02
-1.143242385436818553e+00,1.538624494871321913e+00,7.462648581938827741e-01,3.536686366324873987e+00,-1.854774688681538608e-01,8.348425593043726778e-01,-9.537116209641384179e-01,6.900200323937284719e-02,-3.959835043513226238e-01,2.732755814219392509e-01
-7.486968238153332011e-01,7.798207461265465046e-01,-9.185183394147353741e-01,-9.215767780579330049e-02,-1.451359812072535449e-01,-8.629407263702542075e-01,-5.471184149545829101e-01,2.638124378626304223e-01,-7.221313712586967248e-02,-8.492894128527875286e-02
-1.322301974028386562e+00,-3.312067210835730746e-01,6.174717540506118318e-01,-4.417676187789555675e-02,1.166125202463208277e+00,1.663637492244091076e-01,9.445622562850071458e-02,1.854002657768343831e-01,-1.319001450160126376e+00,3.053354049120567404e-01
-1.752974873294551150e+00,8.334612164652790423e-01,-1.485207511404535163e-01,-2.114820600344798074e-02,1.447013284508167352e+00,1.762904261630127423e-01,4.518816081672207274e-01,-3.477035797359154246e-01,-1.089436809483957797e-01,3.233419189251745540e-01
9.026247640437433384e-02,-1.066069067289935196e-01,-1.760627922185040051e+00,-1.713148279909825489e-01,-9.856417488949407169e-01,-3.744313718543371694e-01,-1.502088954495007789e-01,4.269278160663736270e-03,-3.988846601527839542e-01,7.113700126734433422e-03
-1.614953610705363252e+00,1.555103138187294842e+00,1.930229339623326545e+00,-1.275260030938464295e+00,-5.042884086650212261e-01,-4.840359894416516040e-01,-5.291062664556892559e-01,-6.796423504732863607e-01,-5.746389557052823394e-01,2.632411767356968024e-01
-2.178677630901545148e-01,-1.252525099678513332e+00,-6.514186509567704286e-01,1.812897207559748813e-01,-6.884496800222579260e-01,2.736126842039097312e-02,-4.807217681614213145e-01,4.076080978751858014e-02,6.935314721165606322e-01,-1.931039422542088213e-01
-1.537428968538806062e+00,6.728707679570218314e-01,-2.454371533561195695e-01,3.713835285263368449e-03,1.160534169597061016e+00,1.335897162991551701e-01,3.598553453148467529e-01,2.874045146348586880e-03,-1.112315975346966357e-01,1.496896711816040615e-01
1.615683641573279372e+00,-1.138359735464242073e+00,-1.238127173271738712e+00,-7.377237935448467399e-01,-1.107150716647827826e+00,1.279943712921776333e+00,7.979732035709736770e-01,4.997968843145200180e-01,3.044361201135367678e-01,-1.477065093354272204e-02
9.641723412857162723e-01,2.068465001424190375e-01,-1.005309467014450453e+00,-6.370072426021328171e-01,-1.139079852523699893e-01,2.962060391555230709e-01,9.246559034189130166e-01,-6.142526317867968988e-01,-1.023439895909543429e+00,2.549510600118406328e-02
-6.451756756701806372e-01,7.960212146375824638e-01,-8.731685883896456168e-01,-2.325857627547711359e-01,3.903710970845736816e-01,9.338538316528751521e-03,2.745077315544144358e-01,2.701007870669151489e-01,1.247404162719396581e-01,-9.447072512544435474e-02
-4.912911547507823884e-01,-2.169708228403649741e+00,1.665186097694573153e+00,-2.798997548915271860e-01,1.291111526148877031e+00,1.576542885317319342e+00,3.990703499699816414e-01,-6.379082430339403365e-01,-3.831868236048278087e-01,-4.906758810935522852e-02
3.490383534842133040e-01,-2.358617646971014281e+00,6.116968449878845693e-01,-6.171193852899166388e-02,-7.285078969523194337e-01,1.816811195601233386e+00,5.122091333621080489e-01,1.923036149429639741e+00,1.290985464142788253e+00,-1.925927110201169357e-01
1.087448215564630782e+00,-1.212316595508852624e+00,-1.617034083779669729e+00,-3.831335564612531885e-01,-1.433784573428949383e+00,6.654844717140527832e-01,3.338310125471635748e-01,2.738760466664836302e-01,1.192964420032358169e-01,-3.628130584316108936e-02
-3.308192656167140977e-01,1.188448307769227830e+00,-1.161164699284906510e+00,-3.779360932884199276e-01,7.042071069343727174e-01,-1.898709083550548151e-03,3.911013241284554409e-01,8.519805911957945010e-03,2.429358432336785889e-01,-1.433110284564961534e-01
5.268691727842604866e-01,1.463674080644492337e+00,-1.367633440634312247e+00,-7.703359902948763160e-01,5.488532299766519795e-01,-4.926274922697854858e-02,4.293628964296727912e-01,5.053866459832787039e-02,-4.613668744527322195e-03,-1.598900940052941366e-01
9.102428511107144571e-01,-2.879720132918183739e-01,-3.729823675584975629e-01,-9.523680024647741549e-01,-4.159657100808300534e-02,2.936423614554654615e-01,1.697166208139848365e-01,-5.597411165544583511e-01,-1.234577196443416014e+00,2.111736682473640617e-02
8.016549964179395804e-01,-5.251564312181582483e-01,5.765062472162267859e-01,5.825491753016552865e-01,-3.812137741362434662e-01,-3.099278436393913538e-01,1.535318889330107739e+00,-8.772532609669148052e-01,-9.574712807550275206e-01,-2.198390141476320656e-02
7.178022748632455485e-01,5.669051432905240079e-02,-1.550215866659789346e-02,-4.796156596739469258e-01,1.123328245483180332e+00,-3.241277641152559008e-01,-4.783619733559099640e-01,5.686010372289803660e-01,-5.593352494452257240e-01,-2.243209358573502732e-01
-8.921333558918904671e-01,5.466223902906234278e-01,-7.932361820040750855e-01,-2.211752794959182256e-01,-5.456761441669114587e-01,1.816494005554838143e-01,5.950341040296076578e-01,1.267343482018359557e+00,-8.359004641916842893e-01,2.588503790811363600e-02
-1.076259962459201081e+00,8.480400290896685789e-01,-1.410793305004154341e+00,3.189788341189142007e-01,4.140352281180350036e-01,-1.354055244395653501e+00,-8.017910657739985014e-01,8.718858979411127363e-02,-2.682280116587437702e-01,3.668887637542844748e-02
-2.019848140902900546e+00,9.724668754577984187e-01,8.550253312190245758e-01,-8.027221439016107851e-01,-1.091027367323013531e+00,-9.690896975357737864e-02,-2.613005383952914928e-01,-1.535744405736529705e+00,7.458702249359027148e-01,3.779033902762748975e-01
4.027552498916870949e-01,-3.662883274191369165e-01,8.940295399617340655e-01,2.026852053436944967e+00,-1.640698574440591084e+00,-1.398242634183141542e+00,1.800119292913780811e+00,1.056216621048247317e+00,-5.820966914042565582e-02,-3.096440396890194902e-01
-2.516430698984111647e+00,-5.763403035528286145e-01,1.603020424417503698e+00,-1.184054556762243193e-01,-1.931475828873410405e+00,-6.479999875286680533e-01,-1.385079196496479481e+00,-5.976148701698880128e-01,7.683389084084654153e-01,2.469283291793805957e-01
-1.239625400177835290e+00,5.709015150824010565e-01,-5.454689952265362463e-01,7.618059240857538716e-02,1.082320361848012391e+00,6.368176452411272205e-03,8.710458316369092124e-02,-3.077662168337698123e-01,6.787181783066197349e-01,-5.900846933437172565e-02
-6.160702646143635386e-01,1.521512202157529803e+00,-1.157593366964527082e+00,-3.687582629407068491e-01,1.008504985975875456e+00,1.543136227143277195e-01,7.362733373591097141e-01,2.843638636657244700e-01,-2.520873053247943418e-02,-6.720551786561995700e-02
9.664189621412434539e-01,-4.129067372938036162e-01,-1.981470124696547819e+00,1.621507248013017988e-01,-3.379872778076248307e-01,-1.317237202957947773e+00,-1.299459086458977675e+00,1.939075781239898988e-01,2.877438124068197323e-01,-1.260076133671768628e-01
8.567250112345111690e-01,-2.674700466144874222e-01,-1.585183939725374636e+00,-5.688081953266366231e-01,-6.544800896878166796e-01,6.029812057390240287e-01,5.881303874138592569e-01,-1.701112439185717765e-02,-2.861710355907406966e-02,-3.343471133367170028e-02
-8.833654280011130622e-01,5.087266904013489910e-01,-4.439720187482532054e-01,1.805216418276039264e-02,9.300151222434005494e-02,-5.388387264411589328e-01,-4.179380332967343459e-01,9.263198850904786896e-01,8.617392858239675268e-02,-1.936434550668590104e-01
-6.165484811945744215e-02,-1.225644276693462320e+00,-2.473386510081843903e-01,6.903337683790615464e-02,5.877857330928498714e-01,2.679199573025732931e-02,-5.021145550763210785e-01,-4.304464117621312202e-01,1.625201981632250908e-02,-1.544523722152726375e-01
1.010578293272869965e+00,1.443882349547157773e+00,-9.426236019342718597e-01,-9.766053900939035692e-01,7.320497194640249727e-01,6.251728201760875514e-01,8.209558948111220777e-01,8.102876452664805607e-01,7.702398412818695084e-01,-2.901947747019777979e-01
1.662499865282111466e+00,1.580030424482741669e+00,-2.082485242434525929e+00,-8.925496427921557618e-01,5.590694644215392639e-01,-2.783878262135236481e-01,2.071297409453617122e-01,3.805683646631206896e-02,6.132772415456623216e-01,-9.436916015929619483e-02
1.967128509991342478e+00,2.008002750626539434e+00,-1.780567177212630248e-01,3.749047501449384256e+00,-2.037512235950773853e-01,6.195596871700812525e-01,7.618805568029942688e-01,-5.201769402009982501e-01,1.406518294027349347e-01,-2.178709165732992670e-01
1.851362158897495169e-01,1.374114570203309516e+00,2.064980814337156190e+00,-1.859078173707787440e-01,2.340495266907392791e-01,-1.178590985134226665e+00,4.078694763614429952e-01,-1.535767620440048775e+00,2.056524348630352494e-01,-2.052870759410640178e-01
3.477055097118783578e-01,-5.655456003036783974e-01,-4.564251875172783968e-01,-3.661412903058436918e-01,2.375600246626628498e-01,-1.549970723743275824e-01,-2.713762168345620895e-01,-8.065960399384616841e-02,-1.129585446066311505e+00,-3.326682748837798270e-02
4.426395790930207075e-01,1.184624375040046029e+00,1.087435743373200925e+00,-1.841504727776697381e+00,-1.013740610674397358e+00,-1.575869602154917892e-01,-2.282704833796999899e-01,-5.330584867471297450e-01,-1.146259700694830963e+00,1.210938209741026228e-02
-1.053098402573761305e+00,2.271666189743231368e-01,-5.749486237912603270e-01,-1.056807181856523128e-02,4.264022063367944315e-01,4.883103037191212081e-01,5.820920083687870505e-01,6.534987616901976049e-01,3.343109081659205450e-02,-7.527740691622952784e-02
3.517334198865718076e-02,-1.268738181994814029e+00,-9.002315538006203655e-01,-1.641863137564326669e-01,-1.566435147814443651e-01,9.293109177206777538e-01,5.290081761793364867e-01,-7.070497000368399787e-01,1.318842527442792498e-02,-2.340895359607933837e-02
-2.254823924391068601e+00,4.189576286983519582e-01,2.143935543885940043e-02,9.389606346549200788e-02,3.909555828126763388e-01,5.531292062992386738e-01,7.457439952999144195e-01,5.118404896959664052e-01,-2.332092116384073821e-01,4.238747966088842745e-01
-1.625683635078234435e-01,-2.253536880880243065e-01,-1.817196990318697969e+00,-8.201376583991411284e-02,-7.675851347658014801e-01,-1.573238381104045125e-01,6.025226927467084576e-02,-3.489437750314732800e-01,-3.559007333321890787e-01,7.419608258260466938e-02
3.364060316067817025e-02,1.115523733809512974e+00,2.002227983132677913e+00,1.958951149680398796e-01,-1.832176946993351319e+00,-8.533110854806865708e-01,1.685437883877897614e+00,-9.486352628137014742e-01,-2.443243829456199778e-01,-3.227672886018831400e-02
1.182391645637323352e+00,2.019067865623285218e+00,-1.679856141204709719e+00,-9.593537763184543099e-01,2.944999169873332989e-01,-3.962766426477318249e-01,2.714603352522685364e-01,8.369099266236810220e-01,6.723503146990850166e-02,-1.379952898825450580e-01
-4.397634835633650874e-01,-1.238234908481678359e-01,9.303878130110380118e-01,4.568310062577553010e-01,1.568553267457845068e+00,-1.040466044015609270e+00,-4.359512255110275514e-01,3.005578469215248738e-01,-1.125302114943578458e+00,-1.159987169325676915e-01
1.849874134350469879e+00,1.794741924394453125e+00,-1.461998419115815739e+00,-9.640855021032583849e-01,5.940075544816436626e-01,-4.334144246470351680e-01,-3.264835600932575188e-02,1.269733093683410141e+00,7.244070469311107985e-01,-6.572831704253694063e-02
2.129506075401657483e+00,3.255698772644465833e-01,4.895449663286705722e+00,5.507172184493911438e-01,9.216987812221781873e-01,-2.259217528645335094e+00,-5.757029578294690086e-01,1.872621470555751122e+00,5.127268926862804665e-01,-5.147476495517769868e-01
1.175961171764866364e+00,9.112223362317760644e-01,1.094042449726766897e+00,-1.328381096342063916e+00,-6.154568102353850934e-02,-6.124471216859589395e-01,-3.451815696563673153e-01,-1.252934238994177552e+00,-4.963556836239595982e-01,-6.737768491012645355e-02
1.180918959406150215e+00,-1.460096160965105083e+00,-6.166144886698182725e-01,-2.251402405690889896e-01,7.507610295970297276e-01,-1.494374302504659635e-01,-7.650119852390608877e-01,-1.105604396299365799e+00,-9.285741116704565590e-02,-8.176512820945193438e-02
1.587567009835147314e+00,-2.921096473933682436e+00,-3.648936520924013216e-01,-4.860952200863261768e-02,-3.021425720286221028e-01,-4.866555396462707295e-01,-1.484650159128594105e+00,-8.254288906129503278e-01,-9.059345636288599346e-01,-1.028685180082602492e-02
2.670597090761988923e+00,-1.646459294902868464e+00,-2.061812159843156855e-01,-7.297672860444232024e-01,4.345458230645390385e-01,-4.564181633671229865e-01,-1.192454632020126803e+00,-1.914417721503909597e-01,-8.745311340903874076e-01,1.475242688707474326e-01
-2.058053479654449458e-01,-8.605862795492030815e-01,8.735662519633197176e-01,-1.349554599445519920e-01,-8.095859735184245121e-02,-9.547448231006206987e-01,-1.343985710353801100e+00,1.180582300849873256e+00,-1.458679703708320785e+00,-1.593783882160367815e-01
2.393635079238941810e+00,1.000733555624427229e+00,-4.323780677982925758e-01,-1.469945373682045808e+00,1.710820903564345796e+00,5.768185945080836832e-03,1.097897745088971810e-01,-3.209650625373366428e-01,-8.981908349253240331e-01,-5.128757196382352501e-02
6.882646946083728068e-01,2.800393681158193981e+00,-1.108686864733672950e+00,2.330991491369903912e+00,-4.583446886466417958e-01,1.325631781159606781e+00,-2.307796557565704898e+00,4.034376783295963165e-01,-8.659742868382421799e-01,-3.010527652636963824e-03
