1.635818792505819408e+00,-8.868026823104653289e-01,1.410088652106701590e-01,2.049867516276274060e+00,-7.254896623794337973e-01,1.497434099848181654e+00,-1.117491058962842621e+00,-4.792429118687138723e-01,-3.648449130855328515e-01,9.642563573639523211e-01
-5.260529260985291611e-01,-3.431015751324380525e-01,3.124079245938694571e-01,-1.886980764812349998e+00,1.196931901704027856e+00,5.503151793232454736e-01,-6.720480771539247833e-01,-5.285723183575068845e-02,-2.253581421114914107e-01,3.741989255853571672e-01
2.581925627774439014e-01,-8.930963894328887154e-01,-1.116022031685891119e-01,1.933242126289568263e+00,3.783750695335486580e-01,-9.323105494324168685e-01,8.085726696687135506e-01,-2.431591511815405671e+00,-8.963007534053603065e-01,7.359669880852053314e-01
-8.167044843983968239e-01,6.227060973324769488e-01,-1.810286536067539309e+00,6.506996969451045443e-01,5.582332162123649910e-01,3.896091882750519764e-01,5.758643769023730208e-01,6.663456367766169564e-01,-3.095755876018190245e-01,2.552378613406953156e-01
-5.425499029092497594e-01,1.013122151834942031e+00,-1.417118192912711905e+00,2.380102831889930659e+00,1.133233062013414116e+00,-4.540538895647762696e-01,2.149398761196214258e-01,-1.022971440567518320e+00,-8.382856682112239666e-01,-1.482375899753014814e-01
-5.350711754104952034e-01,6.357668002802174811e-01,-1.011769521640873970e+00,5.060717215499159760e-01,2.424807063300374876e-01,3.114548169454859350e-01,4.361433045561184385e-01,4.485315533316810432e-01,-2.638837197734847373e-01,-3.890706697090266508e-01
2.595764873457264699e+00,-7.686010104824420042e-01,-4.645702017630465863e-01,4.027949819906393891e+00,3.632657571654932527e-01,-8.792933790885296697e-01,-2.352530920167368311e+00,-2.105988458146762277e+00,-1.252964032350072587e+00,-4.812490899110278275e-01
-7.872372246089190950e-01,5.932063900981798810e-01,-1.547636090138363230e+00,9.370350922033733321e-01,-2.511457044502703462e-01,1.654083319919874562e-01,9.636418661731875890e-01,2.739494826058990751e-01,5.411069082565108657e-01,2.207789802397120693e-01
6.154722333778699372e-01,-8.117150526527687759e-01,-1.523185316787245336e+00,1.370815305695818886e-01,-1.560276734794873998e-01,5.777000008174214551e-01,-3.487863701326558985e-01,9.836165578629439965e-01,-1.225537999878437007e-01,2.280245068169422518e-01
3.029800339128264075e-01,4.852686192351692296e-01,1.684439783735631302e+00,-1.841211495700954548e-01,-4.075240921662265925e-01,1.815130683916410526e+00,-1.246338144060854747e+00,3.228139447339545276e-02,2.406111751440876967e-01,1.803689273718296626e-01
1.762653157327882081e+00,-1.068497733097431013e+00,-1.405370818434541036e+00,1.997321553572320108e+00,1.019507033220305170e-01,1.291527814028482046e+00,-1.740517173409602325e+00,-5.513887843179351433e-01,4.977867643941996101e-01,6.603725837278831556e-02
-3.013310398733201056e-01,-3.003490630702966291e-01,-1.589214191782427690e-02,-3.279761212165299145e-01,-6.916023687590023838e-01,9.287185101507093865e-01,5.962631117755481380e-01,-5.801030077328950263e-01,1.706441452292763561e+00,-8.676653600908525166e-02
2.784611766537046229e-01,-1.140783679698299941e-01,2.255855955507553912e+00,2.167042195327409382e-01,-1.872850294103406421e+00,8.367042947838542188e-01,9.951618847610967933e-01,-7.503530522413246473e-01,3.563059295261966075e-01,-2.901999094234660737e-01
-1.539798343678184134e+00,1.635139768997066145e+00,8.377353827214741866e-01,-4.193734853627993919e-01,1.924969096041694583e-01,-6.059996624134864063e-02,-2.541989657445449247e-01,-7.706268709798697047e-01,1.350910707190638549e+00,3.169713038188453624e-01
-1.492038506709226497e-01,1.270190702628775370e-01,-1.090038648159892931e+00,5.048960457053857098e-01,-3.223118852049948191e-01,-5.618815169666955267e-01,3.749083363683373138e-01,5.932857542249360128e-01,-3.081852226092118840e-01,5.649450725162223760e-04
-1.281871933698927046e-01,-8.904389898232234479e-01,5.874743473129256932e-01,-5.755554347465449139e-01,1.136871301719116323e+00,5.806578707978701237e-01,4.332715709459429854e-01,6.485870806491436102e-01,5.447064263645383653e-01,2.174611078711719270e-01
-3.326454737497944736e-01,-1.227910642158908279e-02,-1.627547710695039340e+00,2.054605793393358970e-01,4.616642147606846991e-01,6.962571684808978034e-01,2.538096214109192839e-01,6.672362627640006094e-01,-1.438932854557779251e-01,1.289144110097161233e-01
-6.784503364949139304e-01,3.610430303748493608e-01,-3.461379813625340418e-01,-4.186504302091112462e-01,7.637412029193445528e-01,6.707995391621529579e-01,6.505023163844787792e-02,2.532340855153689119e-01,-4.906724982124094359e-01,1.759065290229243073e-01
2.698475325167134509e-01,-7.954668509220238493e-01,-9.153050743140811463e-02,1.231503216810848400e+00,2.969501007664269165e-01,-1.886911284525728816e-01,7.495569783604090208e-01,-1.494875247833113541e+00,-9.805966467153771626e-01,3.005159408116248043e-01
8.036672668064678282e-01,-2.038609531887796145e+00,4.974003084904492569e-03,1.992911867318329699e+00,2.379112870319005868e+00,-5.758058744862623035e-01,1.053615383317561882e+00,1.711943069662029471e+00,1.175530487278578340e+00,3.864764837536985853e-01
-2.752007356674793792e-01,-7.012918104680270215e-01,-8.238296153351257756e-01,-9.507953941650592045e-01,-1.748421627678682644e-01,-1.268386132439196512e-01,1.110912968549234991e-01,-2.580961273129936395e-01,1.525363792638474214e+00,1.221050482564404183e-01
-9.439391534509393722e-01,7.769450285440505644e-01,1.402518137531745035e+00,3.468322948876209622e-01,-1.062770731256373224e+00,2.614377690555335088e-01,1.261561741143345738e+00,-7.667237462794460612e-01,3.804452417234190920e-01,6.406060211466814147e-01
6.748469927930779155e-01,-1.180706077305643031e+00,2.077016883568764793e+00,-5.581264818644746661e-01,-1.400562392468678086e+00,1.143425743091186053e+00,1.361921781968372214e+00,-5.772003478699216927e-01,-5.567514161707288745e-01,-4.411813374487682515e-01
6.097592987419516719e-01,-1.094344714678150865e+00,-7.524725817827283558e-01,-6.639983935305598939e-01,-3.360013231104215792e-01,8.435269691988865892e-01,1.601390308332869550e-01,3.494826827642884964e-02,1.045629898123696888e+00,-1.216482018717258029e+00
1.178656581515606483e+00,-2.584570711971771129e+00,-4.176917488474624629e-01,-9.034514508161393120e-01,-1.829292488783012871e+00,-1.644315128681369753e+00,1.338753891198703583e+00,-5.900017936764516413e-02,2.918150297144873617e-01,-3.017352050696039401e-01
-8.325685394639189552e-01,6.719520496859077152e-01,-1.141860398984108071e+00,-1.711326399504445039e-01,8.698715604178220984e-01,-3.480707471075969450e-01,-9.785767393562953831e-02,5.143549002101281964e-01,-4.347210478184429516e-01,7.622841520092388246e-02
-2.325973997398759208e-01,-1.627974350592918396e-01,-1.626349966677354431e+00,1.160913323343859271e-01,4.500485930283275593e-01,2.038862950949650032e-01,3.833472867272141316e-01,7.537863648733978961e-01,-5.721545495194525488e-01,-4.854550724095900438e-02
-1.401612259483871581e+00,1.178980773499099577e+00,-7.078793153235969637e-02,-1.053959340154895896e+00,7.703793696293586013e-01,-1.273553967908865658e+00,-8.013472632076374946e-01,-3.212537770825160122e-01,9.446476926571777399e-01,3.565411578642502244e-01
3.323088889843213156e-01,-1.454884732686159143e+00,-7.010653766279848487e-01,-3.424993305018229073e-01,-1.417992296103579131e+00,-1.580387850938129501e+00,1.262770951182130785e+00,-4.370959830796520423e-02,4.251188113011900027e-01,1.824213240720169160e-01
-1.690987575755860783e+00,2.314739215998467881e+00,1.228926432348726783e+00,-5.129878753403806918e-02,1.677609958306084115e-01,-3.486853833909900890e-01,-3.062634910202546856e-01,-7.475237196495838621e-01,9.783123183874520290e-01,-2.539480974991869047e-02
5.065909342873671228e-01,9.171933166141256477e-02,-8.848880739575960830e-02,3.329820712455501819e-01,-1.052522286050954214e+00,2.224555786586645545e-01,-1.328196884449752035e+00,4.214528027503665619e-01,1.246815984105142494e+00,6.475167144054316815e-01
-9.327526187583429218e-01,1.618209207833915420e+00,2.029708094628519088e+00,6.612878355180404899e-01,-4.002030356573570424e-01,1.031674982898483028e+00,8.886073198008858087e-01,-4.229414268823832868e-01,-9.389434721925959959e-01,-1.863395044444395854e-01
-8.857912516822419313e-01,7.401889450975399631e-01,-1.342525440063661479e+00,7.702829921015383885e-01,-2.253236363055653724e-01,1.480272388574147280e-01,7.571174569116476682e-01,1.008819156433271719e-01,9.061980258861727089e-01,1.597231014054563136e-01
1.232028697425569863e+00,8.626173713842309743e-02,-5.106704563218663617e-01,2.832915902468066349e+00,-7.338857034602486173e-01,-7.807274967431977464e-01,-1.261309358489232313e+00,-8.499560646772859052e-01,4.932371834220148493e-02,2.060487648486014345e-01
-7.974147800960024179e-02,-5.904320564945513272e-01,1.175589681262898534e+00,-4.668103374519221860e-01,-5.208156390764488997e-01,1.677054635995151699e+00,6.651087401292363754e-01,-2.772694921385464029e-01,-2.355680086667200079e-01,9.418544186831562248e-01
-5.037071224386051593e-01,4.669237336774279545e-01,1.471125755413891234e+00,1.602029388495833095e-01,-7.997319530334269233e-01,2.958370459687791332e-01,1.076671549609424794e+00,-4.184282696971337590e-01,-5.478081370321473687e-01,1.020497789630553376e-01
2.193481887034035793e+00,1.642059231908769013e-01,1.401368767847240182e+00,9.094709132187546174e-01,-2.070432948264345541e+00,-4.741652345572729826e-02,-2.710308959381307670e+00,1.089343700632817713e+00,1.105523272727220452e-01,-3.919105381441620461e-01
4.402259862159189074e-01,-1.327130734283277436e+00,-1.455322092710992221e+00,-5.059267001715254120e-01,2.283139160754790384e-02,-8.216840093165743431e-02,5.570924774308653182e-01,6.615880199603262346e-01,-5.474384310765667561e-01,-3.009706076758819071e-01
2.405677731155185128e+00,-4.075361004726441028e-01,1.300501198168552808e+00,4.026980367802360794e-01,-2.003291623346003192e+00,-4.228340663655896225e-01,-2.652460915778540596e+00,1.112337537424846090e+00,-7.469328830469049163e-02,-2.299508079438072339e-01
2.774834509516729275e-01,-1.160306821248630493e+00,-1.321814215482106869e+00,1.245278736159650783e-02,1.626057210840360090e-01,1.517044679756224923e+00,7.242673034889460792e-01,9.730035084553620428e-02,1.176472867470390732e-01,-6.672072250757550560e-02
-2.537828202416781975e-01,6.041796190787173115e-01,1.695109427797284685e+00,1.915810512183978576e-01,-2.088166285020601198e-01,2.135546511419884830e+00,7.842260612895400884e-01,-2.590552749715316905e-01,-8.841352436033296236e-01,-5.755491644341781399e-01
-9.251109992927524228e-01,1.557497086313475165e+00,-9.471686408554038650e-01,1.231972152801492859e+00,-6.250881173073011277e-02,-7.340407075173814855e-01,6.253275851649245931e-01,4.665206678417465613e-01,-4.488036152583482208e-01,-4.491122973816560338e-01
1.117497511404795141e+00,5.721332936127974111e-01,2.887535406585870934e+00,8.238849346005001628e-01,-1.350208444506391769e+00,1.645432557161033316e+00,-2.557274848855891070e-01,3.000943409816946295e-01,-1.745774907496035144e+00,-9.406861281132713470e-01
-6.987132102065528316e-02,-2.613877804208109001e-01,-8.649106332944863640e-01,-5.674101805719643510e-01,8.470187150163170919e-01,3.018997163094780500e+00,-2.671718434459698366e-01,8.590323662892268564e-02,1.109726301778624080e+00,-8.486353620922530983e-01
-4.311313918166609915e-01,1.865146061817469780e-01,2.811823924246655282e-01,5.064023189919144574e-01,-1.165213597304829291e-01,2.405175776063105619e+00,1.202149434010049811e+00,-7.203653356965110811e-05,-4.894426299713692807e-01,2.298155606007506735e-01
1.250341784790353961e+00,-1.642313986460992581e+00,1.171565362026585566e+00,-6.693352941174242066e-01,-1.964762984352536712e+00,-8.320556654441544353e-01,-1.903801784420839083e-01,1.877837556454094170e-02,2.014171237672497394e-01,6.590783294425264227e-01
-4.863021774302545702e-02,-5.266175041660348111e-01,-1.798924127166616316e+00,7.797264818364017802e-02,2.205107732240454144e-01,9.621458054630954715e-01,5.288760440177404654e-01,5.268249807248553962e-01,3.037135956178844687e-01,-2.679301881369810512e-01
-1.048669376536092601e+00,1.313679728636550248e+00,-1.382364074071823046e+00,7.886453703585377673e-01,5.509231819773432459e-01,1.555136892594912168e-01,3.048316604815780595e-01,4.934477688441382126e-01,-7.843411166298921988e-02,-9.939782649958919802e-02
-1.037972705963553510e+00,1.311451586063631991e+00,-1.171309470686938026e+00,6.593481951170689914e-01,6.944727275327226002e-01,1.895451457997743006e-01,1.523623944065884139e-01,5.696488957578988988e-01,-4.333084658012361645e-01,1.068150223634008467e-01
-9.417193857405663504e-01,9.869966167966429671e-01,-7.861261381967739048e-01,6.222595341817922510e-01,-1.393570139901107174e-01,-1.121114953057413821e+00,6.106372781061419897e-01,2.984570783767308555e-01,-3.035805148609324600e-01,3.296751222598165998e-01
-5.226089542826433121e-01,3.430059819095888085e-01,-6.604888690888423008e-01,5.381213157384238110e-01,-6.634150229117354858e-01,-1.110385899844414492e+00,7.376539201141728563e-01,2.511674169059158745e-01,-1.111542268331418976e-01,5.307082948500135844e-01
-8.388183580541799245e-01,7.734813430003557588e-01,7.924445872289276327e-01,6.973585623393047106e-01,-7.575693002555055067e-01,1.361179142698447364e-01,1.345365934892242210e+00,-2.098401653988306026e-01,-6.222632150989549915e-01,6.833780591633574764e-01
-5.433872605854737081e-01,2.844322418851746859e-01,-6.926869781005073889e-01,8.979392749588208655e-01,-1.233856540810732927e+00,-7.935975065749888424e-01,1.393426609265513871e+00,-1.172720604426104735e-01,6.958483981366611060e-01,1.878713263636716813e-01
-5.635976408771937729e-01,1.867083499012621051e+00,-7.539004833306369724e-01,1.673232431448107072e+00,-3.765492294073976010e-01,-5.723101453108878633e-01,-2.793585893325559177e-01,7.852041114356389517e-01,-3.105013930882945528e-01,-1.008787007286841980e-01
-7.368595417681113036e-01,7.173414768378728601e-01,-6.907983364150966921e-01,9.282058517641689210e-01,-8.410679045045057478e-01,-7.889749358962468984e-01,1.121982380777953203e+00,5.688301547333093552e-03,4.014736372386412677e-01,9.622308228394445273e-02
-9.832390032204471053e-01,9.666448805542443568e-01,-1.165860683020590649e+00,7.687172382393341330e-01,9.119440285628337417e-01,2.086076573962995173e+00,6.163146020121730295e-01,5.435689204068167024e-01,-5.448046641439094895e-01,3.298209725479671062e-01
-5.830408896652564676e-01,1.680089431869969729e+00,-6.764372185614250244e-01,1.541346884094172864e+00,-6.192715102747426981e-01,-6.460130960350118912e-01,-1.892095269755702802e-01,5.710557396943491959e-01,1.700324932915430465e-01,1.015559816695915801e-01
2.065917664315678692e+00,-3.276700059135836174e+00,-1.877562949121160119e-01,1.281515432088151440e+00,9.300396508082645619e-01,-1.164661560269404594e+00,-9.256871119216479593e-02,-3.664648561251484971e+00,-7.995422050295100114e-01,-2.942711371110304230e-01
2.986843738844908724e-01,5.190605661107031699e-01,-1.172110388307051165e+00,1.338415879621099203e+00,-7.832898758866735367e-01,2.662787784758374188e-01,-7.561888400425159640e-01,1.032227975525110475e+00,2.831798254575541018e-01,7.121201973677273589e-01
-9.028357332260338319e-01,8.238002887307284416e-03,2.090778295854936741e-01,-1.166722857737074293e+00,1.319493557473910006e-01,-2.171038253871037660e-01,-1.473733282850924397e-03,-5.314982085460548955e-01,1.047517359557339711e+00,8.127471443953040442e-01
-8.994409687482394222e-01,1.781934795770110824e+00,-6.505228095640662733e-01,1.112927682520987505e+00,6.946877749532023860e-02,-7.925528734531077646e-01,-7.561825733482087364e-02,5.977457540646515799e-01,-5.381834024149367846e-01,-2.887556318001666122e-02
-9.992338626442616167e-01,1.677969834120095927e+00,2.095827150249634840e+00,-3.649484314048950240e-01,2.350496816534268507e-01,2.495164741515356888e-01,-2.008349303702556821e-01,-5.100839447912433045e-01,-5.011419670286600958e-01,-5.160383941587632917e-01
2.285149421265495195e-01,1.719413636651060118e-01,1.018309310451123384e+00,1.340001055427977594e-01,-5.944433796766550593e-01,2.203915847627843760e+00,-2.898102399350181990e-01,-9.526557518794714907e-02,5.761890461894326743e-01,-9.274036598943731502e-02
-2.493028940065353249e-02,-5.572962747670681116e-01,-3.900477615063749903e-01,-1.155059109624580360e+00,1.690368067187723866e-01,-1.173115171495929809e+00,-2.198825044507078663e-01,1.723241739999279154e-01,-8.598050343282513663e-02,-4.016574644785773640e-01
-2.883113488280585890e-01,3.684124975642369959e-01,-1.345405869034495439e+00,9.270485563990750189e-01,-4.860115149784293154e-01,2.361084684926244570e-01,5.091160608243894270e-01,4.344982343970341110e-01,5.225038226649748596e-01,-8.420064199379725944e-03
1.979896064024717350e-01,-1.062180673257341113e+00,9.450589011102831227e-01,-1.435487665804033197e+00,-5.792121996126364109e-02,8.900572825992041359e-01,2.134651115548838463e-01,-3.043133965565545940e-01,-1.097597666100245117e-01,-1.094294569399913292e-01
3.429612910330276931e-01,-1.422085555456267913e+00,-3.566583001859953694e-01,-7.476689019335374109e-01,6.482021361948904492e-02,1.744212047109213959e+00,7.655951409007755171e-01,2.123314506412145863e-01,-4.155981616642853149e-01,1.213508255003489383e-01
7.433069520600250613e-01,-1.958467546262210091e+00,-1.760313335469980922e+00,-8.763822279613133759e-01,1.560396387997177448e-01,7.871746761559711425e-01,4.387614953930702444e-01,6.324147966628915762e-01,-3.930727072092674024e-02,-3.915439739467356794e-01
-1.143505460566134335e+00,1.675016626997829050e+00,4.855255434568159223e-01,6.137356461018925735e-01,-6.141793567305544460e-02,-2.090910763430232078e-01,4.652518830581872100e-01,-1.076549158769026793e-01,-2.858055321932970183e-01,-9.816474144877496144e-02
-1.122677689182918659e+00,1.636319695551808673e+00,7.124683985793855978e-01,-4.359843176517856356e-01,8.374852485334074448e-01,6.999184332235713901e-01,-6.647283668598570339e-01,-2.803500231657445330e-01,4.013169106746625192e-01,-5.730615912735331774e-01
8.224465860803690243e-01,1.501823137285158705e-01,-7.184664767465025470e-01,1.079071853194455866e+00,-8.420658370644796831e-01,5.636111579572654628e-01,-8.008875870380759432e-01,1.024050728741250360e+00,-3.271545293697566970e-02,-2.395308041923696896e-01
6.508252522942401530e-01,-9.500381366067932598e-01,1.318901150610566786e+00,-1.174074967699622052e+00,-9.023032551952009372e-01,-3.535078034485723553e-01,-9.543891910772325238e-01,-2.036211190898786980e-02,1.985562389541292438e-01,8.479724089571039070e-01
-1.152623760937931729e+00,1.394161997704666645e+00,5.427393385329765119e-01,-7.836993518991808294e-01,1.077582502548114718e+00,7.958223390774948891e-01,-1.025881860452591443e+00,-1.984317129682878489e-01,5.067581124664277681e-01,8.939313212282708199e-02
5.732130282894850604e-01,-9.849628114679842561e-01,-7.271472203197363315e-01,3.133339890217691770e-01,-1.051791259086935160e+00,1.032551300132690919e+00,9.466280676320986132e-01,1.206231252304778012e-01,7.164359370649835412e-01,-6.126754850511217931e-01
-6.242617408515375166e-01,-6.023487867226658965e-01,6.723868258916584351e-01,-1.676102121690496993e+00,3.505483449740171009e-01,-1.550119730903799509e-01,7.417114574119541837e-02,-3.593353035982652099e-01,-8.822702182419173145e-02,1.096954865578487537e+00
-1.504757461158715781e+00,2.129717951617361216e+00,1.180113438521672303e-01,-1.085537042490563181e-01,4.658441814343609599e-01,-1.173368712927893132e+00,-6.639144219055387319e-01,-3.096734959816295762e-01,9.606901559738358909e-01,-4.003750289358736225e-01
1.649236611933198482e+00,-1.077290955133404449e+00,2.621100089099577882e-02,4.479132439751324357e-01,-2.331408560135869390e+00,-2.640104879107064706e-01,-7.573385464235528053e-01,3.474961071778612798e-01,1.533159863000845613e+00,-3.411724111819385286e-01
-1.302725094838560915e+00,7.503305833799817082e-01,2.857764256757316379e-01,-2.044062289050755155e+00,1.975737662246233484e+00,-8.103296806449558076e-01,-1.323136819834142219e+00,1.149461765150026904e-01,-7.945571110944774640e-01,7.507023076853656107e-01
3.761815332506008414e+00,-9.537739813390445631e-01,1.391352009424922986e+00,1.673642823573459726e+00,-3.439069495529207821e+00,6.802653717879926232e-01,-1.788922779021342002e+00,1.367235448756068283e+00,-2.020529853437149637e-01,-6.979003844975272264e-01
1.766959099854692683e+00,-2.152110079843292390e+00,8.459187279011194383e-01,2.020174503963593882e+00,-2.314127276908518605e-01,1.031622469997605984e+00,6.062842570326230918e-02,-2.852228023979828109e+00,-3.896394258083801243e-01,5.306779189056809454e-01
1.880545398342962971e+00,-8.149410117752703409e-01,9.084093222215615659e-01,1.420408232265907289e+00,-3.101397745541165651e+00,2.563198711555665921e-01,-3.500740624543730584e-01,5.129968154317567919e-01,6.219663097464716017e-01,2.531680728839085792e-01
1.118128691548250009e+00,-2.684877289945027390e-01,-1.123381547191936614e+00,7.141599276103858251e-01,-4.720703680620721987e-01,1.078938838304548620e+00,-9.567643737427236061e-01,1.115462150835117905e+00,1.034266844878201225e-01,-8.925827532637866657e-01
-5.014284431000035624e-01,8.515329751192887153e-01,1.714230761705412220e+00,3.938653858016226139e-01,-6.844059242584530356e-01,6.654110552682591662e-01,9.875899483867591755e-01,-3.652651179113893254e-01,-7.947659079331761411e-01,-2.907092443845200602e-01
-7.557930353040234750e-02,-1.177867130766281800e+00,3.992308850618655480e-01,-1.153202082943500573e+00,-5.585738707360304867e-01,1.148191009713452893e-01,7.008728597839015695e-01,-4.322340065048121960e-01,4.856654638375596522e-01,6.334700873253508169e-01
8.902925323102870436e-01,-2.087260712484152236e+00,-1.253408444355723073e-01,-1.945663318319642565e+00,-2.171019338486797901e-01,-1.391182910260784000e+00,1.340761049879204275e-02,2.271934080079789364e-01,-5.938043515165809527e-01,-4.772424498140449556e-01
-5.822547656704003538e-01,1.932052745987737352e-01,-1.548512424599683746e+00,7.571267659751031998e-01,-3.789003930290114064e-01,6.669291679250888283e-02,1.043428840659617718e+00,2.789079676421674092e-01,4.921693463438224780e-01,2.462927658563580369e-01
5.763074455167251919e-01,-1.050638347119221105e+00,-1.661522112586325317e+00,2.694568303000826059e-01,-3.708429339664863211e-01,1.776662993390936585e+00,4.358184716385232055e-02,6.720005999751467174e-01,8.011144512690681063e-01,3.509699688652488381e-01
1.890001072543373795e+00,-2.143988786787215162e+00,-1.026698405899987954e+00,7.137219961648055833e-01,4.167489759464017979e-02,-5.873567312755355596e-01,-9.482818093782000579e-01,-4.176437778598693917e-01,-8.952320662991470890e-01,7.509002179087834183e-02
-6.725559872727641109e-01,7.545251862382053032e-01,-1.503078306467979575e+00,7.619675104046151892e-01,3.938452393712954525e-01,1.478152062523904187e+00,2.778839857131079616e-01,4.441881188668324043e-01,5.330857910193185223e-01,-2.092462208055919162e-02
-5.097319107533623272e-01,6.046568938362912871e-01,8.781410033936841442e-02,2.490352188302516478e-01,-1.809281502634898231e-01,8.880298800312623753e-01,4.940295928778151713e-01,-1.264847316366147778e-01,3.554992931792432809e-01,-4.319217953939148424e-01
-1.409778260070874145e-01,-3.879794538272982596e-01,1.420695298318782052e-01,-5.314001023315988448e-01,4.942993552634170062e-01,1.013033900105118290e+00,5.121066981994520928e-01,3.754281296869124707e-01,-1.444973296285757103e+00,1.547041635573446761e-01
-5.344634912152038675e-01,-6.281129986643427809e-01,4.184957444053726827e-01,-1.462080759371994221e+00,-6.902497168666212046e-02,-1.731169580590440793e+00,2.673749672230780750e-01,-1.934810868389634508e-01,-4.337458900517121019e-01,1.037425171989855288e+00
-8.619464350390333429e-01,1.250904102833669373e+00,7.866780169283060786e-01,4.640678886543608134e-02,-2.708382059198676250e-01,-4.146939729766616067e-01,1.473631782916419719e-01,-3.821706960986738788e-01,3.851413517485833826e-01,-4.595060262698913434e-01
-1.386879342533948511e+00,1.744038017339012203e+00,2.066058131441170787e+00,-2.526635347544429339e-02,-3.133730208038331133e-01,3.592384969472842138e-01,3.382509894550029261e-01,-8.866195536239303010e-01,3.622214641125285906e-01,3.688219356372522406e-01
-1.382951849892462004e-01,-1.428758233471969508e-01,1.892748468693109809e-01,-1.308173394384669397e+00,9.734967892880170837e-01,4.777956094323621561e-01,-6.094027249784500500e-01,2.271525781279303824e-01,-6.287457073480877678e-01,-6.125349399921858895e-01
-5.043683194563362004e-01,6.681080104339612857e-01,-2.280044835565481556e-02,-9.619760637911474177e-01,1.028647745392999191e+00,-9.878029803464280501e-02,-8.785536844914763055e-01,1.962163223601930684e-01,-1.999429520296127083e-01,-8.661612285270788858e-01
-2.999703602336320496e-01,1.455113462031671245e+00,1.104584719136857185e+00,4.601772248605773274e-01,-7.769028112987859114e-01,-4.408268049349862716e-01,-1.411199806665234924e+00,1.411704481599662386e-01,5.653188327065226115e-01,7.493515933138337193e-01
8.576232638987572043e-01,-1.022466762086007952e+00,4.583944325630510790e-03,-1.739617506722538343e-01,-4.829411058454916028e-01,8.669905895924334693e-01,-2.942912296498115254e-01,7.586998244673661684e-01,-8.932147183395628964e-01,5.365111396520814147e-01
2.312522703201961294e-01,-9.553109619220206961e-01,4.759052021704038848e-01,-1.533213883742618577e+00,-2.887666888446147051e-01,-1.690531894947612690e+00,-2.338507401927266693e-01,-1.799775502084342491e-02,-3.231428054970055808e-01,-1.086503774783945248e-01
-4.107661874540297631e-01,-8.846667157354048960e-02,7.369246780362531668e-01,-2.231711753531655795e-01,-3.786414590808875325e-01,1.047656896223499556e+00,8.898293593696502413e-01,-3.126128057688082884e-01,-9.729403058489574652e-02,3.408054609305528615e-01
7.040389147827720573e-02,-5.862886630875372429e-01,9.197088423296742588e-02,3.165400992434745930e-01,-1.494805166723484735e+00,-5.318877148450115167e-01,1.475960885983321313e+00,-2.233559898064051974e-01,2.500627632481104978e-01,-5.695811688998383276e-02
1.828069342965357724e-02,-9.951400290812159044e-01,6.945018348364118133e-01,-1.454393890721368710e+00,1.826091779573762175e-01,1.598856891863700280e+00,1.300200524721075446e-01,-3.720420467160751032e-01,3.569393314534033967e-01,9.168198586670454897e-02
-4.449025703600840709e-01,-5.273234979944105838e-01,-1.332511775135643450e+00,-1.974594519409184901e-01,1.671750381638376082e-01,-6.090020293772394622e-01,4.017145919351636230e-01,7.083423007174201036e-01,-8.034772729065957630e-01,1.694015855951581440e+00
1.123778736164856351e+00,-3.309049918449729510e+00,5.980083718864900533e+00,2.872852622005764633e+00,4.743973634312736110e+00,-1.248765567030546420e+00,3.651850492002212789e+00,4.968440054681139806e+00,1.245990398144677158e+00,5.067830512380309127e-01
6.813544798758606191e-01,1.319710410738155870e+00,-5.936332615233109733e-01,2.163991366573321695e+00,-1.200571915602842266e+00,-3.927585003598343949e-01,-1.298316714130162586e+00,1.458170859827462085e+00,-5.718644772506992213e-01,1.243338043614704708e-01
-2.869074962833222109e-02,-5.388992241701076047e-01,3.330138466836930072e-02,-1.360294948827828199e+00,-3.983034464743460956e-02,-1.870212346507806211e+00,-2.842828448977069988e-01,2.007415805577822399e-02,-1.033754465122409261e-01,-4.109887771728810146e-01
-5.896817005397827494e-01,1.154466397763953101e+00,9.370599841694678966e-01,-5.708959253386415300e-01,4.726422486961273650e-01,-6.777105981570109572e-01,-5.450450316600782275e-01,-8.762105858085048396e-03,-6.424545750977432856e-01,-9.894778210939977336e-01
-1.238821058997473745e+00,1.772075560541558792e+00,2.267285746119432233e+00,-4.840207122256011130e-01,2.948580726732957791e-01,2.376249465344606460e-01,-1.821321869364795620e-01,-6.415097749899395518e-01,-4.246581906025671538e-01,-1.006324472068601955e-01
-1.664604965641627021e-01,5.960007012784293567e-02,-4.703090762606563779e-01,-8.694472698661360743e-01,4.961856389572943948e-01,-3.205338146502126895e-01,-5.492859504145397587e-01,1.717870737663714231e-01,2.978905374974794018e-01,-9.337775606656636418e-01
-9.288051068033319480e-01,1.341925646398141270e+00,1.471110426178024566e+00,-5.918318926763790344e-01,3.245061378068965774e-01,-3.769685843124514490e-01,-3.382374049258260462e-01,-3.543107045001122613e-01,-3.632965635740271204e-01,-4.152133763672544720e-01
1.020561885349705156e+00,-1.943537821332059101e+00,-1.615647194569044542e-01,-1.148458396833975659e+00,-1.008484687580614603e+00,-1.867219224898117202e+00,7.807155050044121969e-02,4.160365812959659348e-01,-5.750153607964311187e-01,1.618622604924366548e-01
3.152174869183912986e-01,-4.753780672776452554e-01,2.830366189025353973e-01,-8.430021217280887491e-01,8.343638961342887683e-02,-4.383802965234204763e-01,-1.158213744624476786e-02,2.937112805149927341e-01,-9.742338064869827674e-01,-9.707848460718393468e-01
9.507405284298836579e-02,-1.317080150421602980e+00,-5.322380715372593274e-01,-2.356941326641564416e+00,9.696290763553980785e-01,-8.404928504304928216e-01,-8.629807704366678767e-01,2.293695674203924117e-01,-1.158234943123954003e-01,-3.932755826287180623e-02
6.923385802567237624e-02,-1.132630648258701411e+00,4.504409106707221722e-01,-1.288755228303525513e+00,-6.193186630851393870e-01,6.111266606508813926e-01,3.345166239131844854e-01,-6.697373661424850244e-01,1.462612566772052869e+00,-4.165521337830544076e-03
-6.715568792103832063e-01,1.169228788010900688e+00,4.432201597222306666e-01,-1.399828667112400227e-01,2.518134508397317783e-01,-7.297613442518127158e-01,-1.929560580507888590e-01,6.293254183786216316e-02,-4.679385984227518169e-01,-7.689670363101369643e-01
-4.149413013904564296e-01,1.078148827915064722e-01,-1.530434013395970183e+00,1.596025788376612131e-01,5.931590297102145026e-01,-2.658839338799544039e-01,4.191924565203983266e-01,8.342047113886011944e-01,-1.066945146754591844e+00,2.244706460093851344e-02
-6.249205815769329764e-01,1.099472893586166622e+00,1.026736731632752475e+00,-7.043996814629079894e-01,3.618323064305284387e-01,-9.596424652323536364e-01,-1.055270582832522175e+00,6.307566436096032070e-02,-4.582677574302130297e-01,5.364379711094673098e-02
-1.006615670409133800e+00,1.498184557004735185e+00,-1.619412073755873704e+00,1.311716368265384292e+00,4.707879071075107280e-01,4.069749801622057350e-01,5.588326812781201358e-01,6.765392204810019017e-01,-3.472485441334455802e-01,-2.778671223487664821e-01
2.209581493959319465e-01,-6.743613277185636079e-01,1.411937633465162600e-01,-9.018017594848996010e-01,-5.202312284554380106e-01,-1.394738002333582028e+00,1.760424631228207637e-01,-1.678892432165689230e-02,-7.384132705115119266e-02,-6.532313791122028590e-01
4.212606523206026687e-01,-1.416794767862861404e+00,-6.895784125443766843e-01,-6.402591019079328927e-01,-4.256836230312692759e-01,-9.659248872074722714e-01,8.475731562335186986e-01,4.670891193560450239e-01,-9.930192941507215432e-01,4.286790056747496330e-02
9.561134005238398625e-01,-1.892075053894873848e+00,-3.391766107994909074e-01,-6.858486246359494221e-01,-9.956595654661880568e-01,-7.251998104040794368e-01,6.357427877748396128e-01,4.026034902114284386e-01,-5.900757653012809190e-01,6.134827438577074993e-02
7.676157312647564623e-01,-1.438673144916013946e+00,5.829589750134532844e-01,-4.804612830253947031e-01,-1.232401985398316802e+00,-5.992311978152621288e-01,1.201611747799185670e+00,2.646921160428410830e-02,-8.697753506992372818e-01,-4.867648786617690959e-01
6.374875698113194877e-01,-1.677429468457430906e+00,-6.583777315527788998e-02,-1.149601208189127366e+00,-7.635461235642549971e-01,-9.151079691604215860e-01,5.813139651807557318e-01,5.830188658970995863e-03,-8.537933017843453432e-02,-3.280312840913126027e-01
-4.982345420482667264e-01,4.642027223264369451e-01,1.432551316945386510e+00,-6.990598932124406639e-01,9.756558168914467033e-02,1.160577057721402960e+00,6.211851748037599402e-02,-4.824198601762427763e-01,5.037839668766375817e-02,-3.175345504007566766e-01
-9.054170735259674252e-02,-3.900997994520662426e-01,1.268632460671159423e+00,-7.920160872835755317e-01,-3.252827605313262649e-01,-4.666263512358250765e-01,6.380172741293766991e-01,-8.788884050289895444e-02,-1.339381707858381620e+00,1.272210844962583243e-01
2.307310987810311076e+01,1.102519439996495620e+01,-1.232873492219016986e+00,-3.794141282729967202e+00,2.494137362650136414e+00,-3.848020605781907744e-01,3.384926551689130036e+00,-8.440247405955031423e-01,6.294629481750335653e-01,6.002135255513840750e-01
-2.030593458777427696e-01,-4.293481392751237746e-01,-5.799844372590676755e-01,-8.830915967809723766e-01,4.517816171341186293e-01,-1.242945904099215682e+00,-7.717339237908983629e-02,5.666426948237217598e-01,-1.146183655282785097e+00,3.438012307241690158e-01
-3.824611922343637560e-01,9.459816732018404561e-01,2.023580858220064727e+00,-1.317957304795346896e-01,-4.518625914934187304e-01,1.656155929199563337e+00,-5.726338884176218613e-01,-4.641568368853879467e-01,5.166048440361106220e-01,3.936275251461591185e-01
-7.554904559702194655e-01,2.191446578014420443e-01,6.664209938036761427e-01,-7.550069803976723337e-01,-4.714608804947649223e-01,-1.108584578757694450e+00,3.038305635836568430e-01,-5.499937847573955763e-01,6.369758787786210519e-01,4.421560060313064477e-01
-7.931951826975509601e-01,1.304093603179241889e-01,1.638274068307567499e-01,-9.268479718474781359e-01,-3.385636044375507359e-01,-1.630126690418917557e+00,8.987062168216974900e-02,-4.649485901056104598e-01,9.012089585642304446e-01,4.872090027622338337e-01
-3.394802205941734874e-01,-1.169536173124584438e-01,-2.059416402088039000e-01,-9.315837776864696052e-01,4.263357742670185191e-01,5.070309944653361711e-01,-7.624379347530105822e-01,1.202555742468907757e-01,5.403378617328080669e-01,6.856020157606546039e-01
-9.368082937212530714e-01,1.382293826115124746e+00,6.888307079160746471e-02,2.068823367904912836e-01,-5.209227733126082782e-01,-1.022273240146238660e+00,-2.890291522101930966e-01,-3.786524152349891037e-01,1.523612817833955191e+00,-1.819969519957936044e-01
5.557346397710370978e-01,2.715722642732649184e-01,-4.930675794166346493e-01,3.306515967299707981e-01,-1.164778507364267746e-01,2.054888986314579391e+00,-1.823451466288171785e+00,7.396863344952168129e-01,1.088920098661841251e+00,2.810098554818890593e-01
-8.783589048030640001e-01,1.206248013980290024e+00,2.283949889476812434e+00,1.488114383185068501e-01,-7.670566842735980773e-01,7.780704323118229349e-01,7.958295954717176102e-01,-8.596644034732990880e-01,6.387017758408865264e-02,-3.295825855607663335e-02
-5.172022626509051868e-01,7.642001922210622800e-01,-1.008105689822746953e+00,9.716591352118484348e-01,-5.351031961430594563e-01,-2.147295136600043675e-01,7.878920743793321746e-01,1.941822622390999564e-01,4.832796879548216795e-01,-5.761766119737428138e-01
1.978945567724757382e+00,-1.494929624356438502e+00,1.096292341599003128e+00,3.522276175225316081e-02,-2.464687634679169292e+00,-6.314234566643839308e-01,-1.064960264199954487e+00,5.507135030603697023e-01,2.238519954877780382e-01,6.458461771832417764e-01
5.192038486975641964e-02,-9.142730769298047511e-01,-1.178782035368231895e+00,3.164343508561019425e-01,-1.374559594279461505e+00,-1.935820835405292484e-01,1.357130125206021276e+00,-1.722832511872705585e-01,1.454718755297703003e+00,4.601908832803756205e-02
-1.381695144583789114e-01,2.438423029867083369e-01,-1.352132441347402292e+00,7.721129015503143123e-01,-4.516427437724459537e-01,4.455078599820763707e-01,-8.368408167177407431e-02,5.541827860866966882e-01,7.649187756084400158e-01,5.063148891962814258e-01
-1.746510927622529630e-01,1.054705712333209533e+00,-6.404477453919185104e-01,1.398342881949122152e+00,-1.050674670468201288e+00,-7.902172426390096094e-01,-2.594359539358238043e-01,6.116895842457262811e-01,3.150704399461997651e-01,4.508391341041983469e-01
-5.773813159994778399e-01,4.040540738141534249e-01,-7.201491512677348217e-01,9.086503171335288398e-01,-1.250899468812257664e+00,-8.283508557977034004e-01,1.282936661857924765e+00,-1.791076446094372332e-01,9.787556413007145739e-01,4.920027654523733557e-02
1.274354647064547930e+00,-2.200663706386826401e+00,-1.615456319312892131e+00,1.870626337718630072e+00,3.105304197847171821e-01,5.527021726657325162e-01,4.525011803736346261e-01,-2.601269797527049121e+00,1.086598369394080166e+00,-4.678212639820168994e-01
1.728688782942755242e-01,5.866529413254761849e-01,-1.111428916432636305e+00,1.169778536436674177e+00,-4.343797489149049951e-01,-5.263106363750510441e-01,-8.210255585145785906e-01,1.329764955606149934e+00,-8.385845071983908383e-01,1.105519439544035754e+00
-4.816635809947055202e-01,-1.002453880909512512e-01,-1.560551639949840252e+00,4.172742694342814196e-01,-1.686742945040092811e-01,-1.609458348083419588e-01,9.349770725196488996e-01,4.084785053902296181e-01,6.183724319232448974e-02,3.836038188923165393e-01
3.927912917847366236e-02,2.130212152240989476e-01,9.628096056616827769e-02,1.599941735192999648e+00,1.208584110426953684e+00,-6.543133423547774496e-01,9.564727462621222531e-02,-1.346671744095478518e+00,-2.184382173460610144e+00,-2.114450520602684513e-01
5.982323794835691100e-01,-2.241823681218800601e+00,-1.790449698545956370e+00,-1.010972181666142555e+00,-9.204264439143661214e-02,1.806076382462619423e-01,5.436275274055427653e-01,5.967128562401371461e-01,-1.053530868257575304e-02,6.695157316517312829e-01
-6.731427850957221182e-01,3.601887947500658216e-01,-1.105879036381989033e+00,3.420864160736011850e-01,5.877413597699638892e-01,1.219937434247345687e+00,6.202434638933229660e-01,4.872341542555823635e-01,-4.976406434181329663e-01,3.169319266559976200e-01
3.167702593234870134e-01,-6.864047578087328905e-01,-6.351387494779781040e-01,-6.533579574430222747e-01,-2.346104633048443355e-01,-2.007410696723890831e-01,4.007377808627853727e-02,1.174155253230403650e-01,5.686353322355397477e-01,-1.026385774364533710e+00
-4.123546610947169122e-01,1.420166688661480769e+00,4.460132320536208117e-01,6.324017981782950049e-01,-8.731838840888364039e-01,-6.606736030481118460e-01,-9.382918868373183452e-01,1.522300352347381522e-02,1.130668156288267667e+00,1.994164307088597543e-01
-9.916004498875183870e-01,9.121742439433672134e-01,-9.486091729128226513e-01,-7.358999297309255505e-01,1.352767065709446159e+00,4.960166037822815177e-01,-8.740197941098095669e-01,1.867557181184522075e-01,6.580930047315154408e-01,-2.627985528308905416e-01
-6.202001255896951726e-01,1.037936886923284785e+00,1.789000394326639432e-01,2.852237945525625817e-01,-1.212038526763881796e+00,-1.174387046478017060e+00,-7.380528839091786697e-01,-3.859028359315600509e-01,2.241494155674086830e+00,7.277428334420867895e-01
6.012769149911612043e-02,-1.118980269542858341e+00,-1.309859491856944169e+00,-7.434484771202730657e-01,5.640791045276714044e-01,3.879216001173331763e-01,4.324825560271707281e-01,6.580373292619706715e-01,-8.497260356254279223e-01,3.250476766251891858e-01
3.117937811683232571e-02,-2.343646862304809841e-01,-1.699402430736592695e+00,2.720225139077232512e+00,1.667044673260683618e+00,-2.893161846086450550e-01,1.890279243833446060e-02,-2.426961187273342535e+00,-4.980379804578159986e-01,3.058219180516645874e-01
-7.057128879630832907e-01,3.250980747177256713e-01,1.083604422083656038e+00,-5.940667814097981836e-01,-5.461093114228622314e-01,-6.546347528846729880e-01,4.568798838308982813e-01,-5.888210018336891283e-01,3.482694234929248900e-01,3.389421266027917712e-01
5.649680431935917291e-01,-1.989804163194321074e+00,2.330747746262965547e-01,-2.494278686162922476e+00,1.061339209644580894e-01,-1.717621692262957023e+00,-3.303303769438456494e-01,6.179274373639016132e-02,-5.821279644468900782e-01,-2.694135108260608050e-02
1.190778749795385200e-01,-1.166731132360566692e+00,-1.763826996424355531e-01,-7.867534594193491548e-01,2.494189701249012459e-01,7.120865959212221430e-01,7.784043310467622101e-01,4.155549683040310471e-01,-1.419681399617681139e+00,5.036152183276803029e-01
9.053314378146455343e-01,-8.483261537972208721e-01,1.866454013019342231e-02,-5.845596706083179273e-01,-7.430377495154512069e-01,-1.419164023409287489e+00,-5.611820000423646260e-01,5.617990035986224484e-01,-5.193929861963957340e-01,-5.667836179427433452e-01
2.603770047928698553e-02,-1.131557920483823310e+00,-1.422369710060844339e+00,-1.748579657327884007e+00,1.466125133573426886e+00,4.897566126296517552e-01,-7.013872839285942851e-01,6.457936997109912092e-01,-3.736833729496672474e-01,-4.494038921175889933e-02
-1.175545743617676830e+00,1.621435982803724363e+00,2.975779581581878830e-01,1.960686805867723204e-01,3.941674624937827054e-01,-6.572575573018737405e-01,5.880116600167057533e-02,6.999810903629448411e-02,-6.005559830885796035e-01,-6.305147669818886302e-02
-1.035989056586722690e+00,1.597417730649929535e+00,1.312091253813764125e+00,6.353672945576545050e-01,-2.969842734310538801e-01,4.484081424758128431e-01,7.427410613093239355e-01,-3.066231563169994900e-01,-5.764108535096676977e-01,-7.505727191768457596e-02
-1.021652955724075204e-02,5.414717324243795149e-01,2.027699588359106908e+00,7.319132257887184245e-01,-8.346099753113954689e-01,1.305679505329450540e+00,1.422578109607953722e+00,-8.021429472806664018e-02,-1.912477278582380036e+00,-6.678339809740948541e-01
-5.792892929935067325e-01,5.911343455951948433e-01,1.900807922868019417e-01,5.987923856035135550e-01,-9.730464478672765649e-01,-3.807016460022834559e-01,1.025310107485096323e+00,-2.646711813932074997e-01,4.068466605477240594e-01,-5.427722009671987619e-02
-3.025729320321189353e-01,-1.337867514254783285e-01,-1.226393930256258091e+00,3.101936184585364908e-01,4.936489582525960956e-02,1.132835626918712757e+00,7.433026825283770567e-01,3.240074323862737748e-01,2.188651956904315021e-01,-4.694478781908702908e-02
-3.090346300958726200e-01,1.163688484175398941e+00,1.083596684121871823e+00,-1.681938882404382107e-01,2.014282319984594116e-01,1.720652806015192215e+00,-1.955046921542486382e+00,1.759262026733894035e-01,7.109629017478894530e-01,1.041702853260050077e+00
2.310528554253574729e-01,-1.463203964180078698e+00,-6.603607741428433320e-01,-1.557788435123053095e+00,3.302160048689150584e-01,5.747420833302416820e-01,-7.123046780496132546e-02,5.112729198807240694e-02,5.162940881000636084e-01,-2.668126644610677167e-02
3.207320272040477538e-01,-1.001152275214462151e+00,-7.310529259606521890e-01,-5.850852205958824159e-01,7.774965407263223494e-01,2.426836509750847970e+00,3.609883659340444861e-01,5.843066671568410975e-01,-8.750047740379740535e-01,-3.554341466026051388e-01
-1.538133158340762030e-01,-7.240022570286652748e-01,-5.691762859571571909e-01,-5.944971392117779363e-01,2.481513529888069503e+00,-3.145889529806470408e-01,-1.501738986238888351e+00,-1.819579117843204363e+00,-1.443422008190306249e-01,3.799903314939825916e-01
-1.161214486475468100e+00,1.059663064068688820e+00,-8.744584746900191385e-01,4.047941018030886129e-01,3.097105109399816980e-01,7.584297705937060874e-01,3.712359059668359773e-01,-2.354981548117706519e-02,8.359634815557680509e-01,3.268194720762249150e-01
-5.083477418102991807e-01,5.426953252075550349e-01,1.542660709712723843e+00,-7.350685420929843339e-01,-2.547771890983150933e-01,-3.714460602374160536e-01,5.909961836310729383e-02,-4.987608736038116608e-01,-9.810010575282082645e-02,-3.559199460885245636e-01
-6.025275385807994377e-01,4.192520628072814448e-01,1.059702384192622748e+00,-1.438335341628730779e+00,1.086004798756982526e+00,3.506159732683209462e-01,-6.642031600582382067e-01,-4.516972640187370824e-02,-8.763289914700324035e-01,-1.423448094250172602e-01
-2.837430670157557455e-01,5.616541651003590374e-01,3.904345162233531230e-01,-1.144160048910717320e+00,1.043507301462204717e+00,6.070835226963635645e-01,-2.330898590425827255e+00,5.431966058336281655e-01,-5.247041268845825668e-02,1.149603952926697481e+00
-2.545052044155053927e-01,6.224153669224731233e-01,1.345442265776381374e+00,-5.110160087896608028e-01,3.973892250982401508e-01,1.324451707129212341e+00,-1.157282295978273590e-01,-1.184123950922790214e-01,-7.124427714908843079e-01,-9.542105720323778018e-01
-2.493302639226090689e-01,-7.743132743097044246e-01,1.197043703768387868e+00,-1.187633504688098141e+00,-3.655128492365664061e-01,6.625274663701556932e-01,6.295571706806657453e-01,-5.662399653448803027e-01,8.483064961070119203e-02,6.589894676410464891e-01
8.643286286437166233e-01,-1.877524986621596614e+00,-4.911954955845180271e-01,-1.359207855206199689e+00,-5.684538868696596969e-01,-5.298074695524102040e-01,2.459532549902973819e-01,4.369373774201805449e-02,4.705731781654530210e-01,-7.570073925281480820e-01
-6.443205803954028532e-01,6.441002934543690328e-01,1.106120642476140947e+00,1.049729759631490705e-01,-5.292344287186188101e-01,-4.196822770729546903e-02,8.299642843434955619e-01,-2.978578258341502694e-01,-5.064785633259718534e-01,1.128233356272975718e-01
-8.581863201016957099e-01,1.935150088310933603e+00,3.386346102475244063e-02,4.275623062215505588e-01,5.941580800754879543e-02,-8.853884112307132126e-01,-8.556628395161778311e-01,1.038570214609777220e-01,5.952356150792269540e-01,-6.696006626297316133e-01
1.215913068544546422e-01,-6.280522634627512257e-01,2.312853238383686836e-04,-2.527762010213425725e-01,-1.322479642571971814e+00,-2.599930657189860050e-01,7.542685177440145994e-01,-5.392451676433540619e-01,1.624518180922726707e+00,-5.810799643161527195e-01
6.597316211597294977e-01,-1.466206917895572781e+00,-1.796771761884395691e+00,1.597394660124493049e+00,1.855172966144555124e-01,6.622413427041760059e-01,6.902835728800146287e-01,-1.615239830339911808e+00,8.808052527853186264e-01,-1.598494134798809918e-01
-1.118337130885209030e+00,1.059559531875400085e+00,2.635038759090586047e-01,-1.196129660371861414e+00,1.214403333232361604e+00,-1.989067991024838500e-01,-9.649581013180604794e-01,-1.202102981628604822e-01,1.955881347803624382e-01,-3.483663206314560612e-02
-8.615259053633483877e-01,1.000584362713622388e+00,-1.551393462487696162e+00,1.064947948892926988e+00,1.119195140458725396e-01,2.699692615887864244e-01,7.283528115273734116e-01,4.681784512267410658e-01,9.991821106745046865e-02,-6.485331828437487789e-02
-5.561114339983679322e-01,8.196154335170293681e-01,-8.452492674655014138e-02,-7.930974570522937306e-01,9.539287153835148692e-01,-3.523862927338677203e-02,-8.506645238570871292e-01,1.600143422934403592e-01,6.275379195731344527e-03,-9.482147771519351398e-01
2.043190572127666083e-01,-5.349172289117860579e-01,-1.821587474594294376e+00,1.633633673904444583e+00,1.012079843504655630e+00,5.172448281364954159e-01,2.524829256446852188e-01,-1.101613466668839525e+00,-1.698854457908867133e-01,-2.050708927600310427e-01
8.198958919808967405e-01,-4.501269869247760402e-01,2.740292246113177566e+00,-2.855695121927750990e-01,-1.099517058932510505e+00,1.186128941652414337e+00,1.140450823203170927e+00,-3.328037988710790818e-01,-1.707916933750264876e+00,-1.227201462170339097e+00
4.483161315318633933e-01,-1.246866927434961081e+00,-1.376998038258909207e-01,-6.056206540335129507e-01,-1.583444851769401973e+00,-1.405144611511202735e+00,8.048524621796421252e-01,-4.297740134714266302e-01,1.336055341470684388e+00,-5.486430146438519007e-01
-1.448939570121402509e+00,1.824700167654869309e+00,1.127685191887526778e-01,-4.507862184804519723e-01,6.039779205129023332e-01,-1.414455490841584950e+00,-7.284507008383557247e-01,-2.493734705940844898e-01,6.937180001135327956e-01,-1.656697179036231704e-01
-9.255294357200963828e-01,1.037523596944649018e+00,2.973483738135970778e-01,-1.504910574635456855e-01,-3.783060428314378165e-01,-4.367111442011874511e-01,-3.758197052688790896e-01,-4.438606559858447875e-01,1.508011174853934877e+00,4.111306320660066960e-01
-1.313251301015044836e+00,1.294557469234997704e+00,4.727059165132387886e-01,-7.740828664658966352e-01,4.171166421661181567e-01,-1.361929803248946413e+00,-4.856830378974121287e-01,-3.723332748189748798e-01,5.016472503675496464e-01,2.416877569589883645e-01
-6.054602108404482097e-01,2.600445154252558067e-01,-1.755650107506128710e-01,3.721028061173430879e-01,8.298525844946891272e-01,-1.667902252132470176e-01,-4.481229017792863756e-01,-1.803235521117824591e+00,1.185864055597306788e+00,2.124423663796118633e-01
5.988761062773443333e-01,-1.477972901818015661e+00,7.157023936580446666e-01,-1.601763309970549498e+00,-6.742012832197665784e-01,-3.050335704675663506e-01,-7.934742579745641677e-01,-8.698841661608307241e-02,6.059015217962049338e-01,9.877372754290804080e-01
3.985473498699350636e-01,-1.916452267274534105e+00,-1.110986325974077760e+00,-1.671199868077051454e+00,4.923122665779275375e-01,-1.418330602556313325e-01,8.456500525772660259e-02,4.685966375420432817e-01,-4.609680095961113389e-01,2.900387567848474735e-01
-6.326116793589735277e-02,-9.064055724887606358e-01,-5.994821396639282707e-01,4.121401719553576676e-02,-9.409293686803966716e-01,7.978869987901587857e-01,1.313105372170842999e+00,-2.130756037674976233e-01,9.133801627383532074e-01,3.888581038054578776e-01
2.285938329161810501e+00,-7.340466246037605780e-01,-3.364548385642670419e-02,7.701559064453297188e-01,-1.465019197243217608e+00,-2.728379003115505297e-01,-2.215594331250850590e+00,1.759000449194034088e+00,-1.024250182790442443e+00,7.418908337998894598e-02
-7.983333952909299480e-01,1.112231427638300074e+00,-1.039288737364887361e+00,1.369348739395835457e+00,-6.821877925375459117e-01,-7.041042755941026021e-01,1.101936036876359770e+00,2.429656631515347553e-01,1.628964948786322808e-01,-1.940104090022614081e-01
-2.926916543936526338e-01,2.104953733204295296e-01,-9.561061582640383305e-01,9.104789385964203730e-01,-9.918138572475519998e-01,-9.040320327601611972e-01,1.208175988638726661e+00,2.105816812036367114e-01,1.530230123596618419e-01,-2.698959430308351393e-01
-1.153939089344991897e+00,1.605875035820365282e+00,3.559976796612920324e-01,-7.148636746155848654e-01,7.789689027991717474e-01,-1.359037989575948124e+00,-9.264793067313368269e-01,-1.076645755111723113e-01,1.579555047035079707e-01,-5.371958665143752309e-01
-1.236953653285767674e+00,8.806533204883610910e-01,3.644730962543230590e-01,-8.091981495344985342e-01,4.425078526734041451e-01,1.102865779543990982e-01,-2.537454834451081664e-01,-5.191008274845296810e-01,1.018562915585170980e+00,5.194705628989810808e-01
1.552371862545993242e+00,-1.119345843284863973e+00,-1.028532173420625195e+00,6.467242496366238935e-01,-1.505420393231754472e+00,8.285365709771119747e-01,-1.086200661701273162e+00,9.576002080945927863e-01,1.084213307183893304e+00,2.917080814439477199e-01
3.395646884052971326e-01,-1.035665183172772563e+00,3.141790659845001166e+00,1.702597426055332486e+00,3.127560566786105056e+00,-1.737859799334171784e+00,1.323925676779325489e+00,2.976045877099565917e+00,2.252971990275150826e+00,-9.658887687612518480e-01
4.732061483677087455e-01,-1.230420689192898154e+00,7.382392382767624106e-01,-1.475788897035361424e+00,3.299721289367909399e-02,7.721344210520330043e-01,9.886579664137833123e-02,-9.552386508201381188e-02,-3.921957996524096379e-01,-4.886558964031741947e-01
9.788817220933974106e-01,-1.883749720680265305e-01,1.181783353954069860e+00,-4.081179314443713624e-01,-1.416539449540589746e-01,1.806979086615088548e+00,-1.913736950876420373e+00,7.205395521966199146e-01,-5.426624123042218528e-01,4.596901866012301774e-01
-6.339682149405733158e-01,5.956892431710479885e-01,-9.407147769819959038e-01,-1.344112901164187801e-01,8.776526280650240874e-01,8.586174045439265434e-01,-3.463054160892883870e-01,4.616920948747701980e-01,-4.364621025054660208e-02,2.676129171203426790e-02
-7.850403697645735868e-01,1.361045465975763591e+00,-6.441206933275391011e-02,1.112554177408468181e+00,-1.048382244268605389e-03,-1.611963225035062952e-01,7.605911851873577989e-01,5.610344142511435317e-01,-1.603625019071063251e+00,8.640416198392913971e-02
9.365053089059821589e-01,-2.044771062927683847e+00,2.824000189798921423e-01,7.159535367850004828e-02,1.108654914664881197e+00,-1.072527634039646571e+00,-3.331976425695193367e-01,-2.355500936379409715e+00,-1.067704552944169327e+00,1.917399674280723665e-01
-1.307299748627686498e+00,1.840403297486076228e+00,6.349461358860325477e-01,5.439014705832667662e-01,8.952568528446900112e-03,-1.896711156876165205e-01,3.861036052501494731e-01,-2.091118303644684817e-01,-1.638834766489813410e-01,3.673989914761689041e-02
-4.897410324756152900e-01,6.921554996008803806e-02,3.063779411786115570e-01,-4.702066756042764806e-01,-2.593965805209476061e-01,-1.044821869019914473e+00,4.727755420361151595e-01,-5.379306978280527785e-02,-4.501621096899773855e-01,2.356341075629634629e-01
2.001333045704323799e-01,-5.089846985472884500e-01,1.927919777076252617e+00,-2.562602724498475038e-01,-1.216517101758768815e+00,4.514568115893808908e-01,1.278247320171362222e+00,-4.692869247785889653e-01,-8.153627725538573623e-01,-2.167316571361746769e-01
-1.176460854301260017e+00,1.993841318541854646e+00,-4.266666283687285677e-02,7.559904038673030957e-01,1.249835683141962556e-01,-5.130756752027681999e-01,1.143731859491856212e-01,3.999652161387409754e-02,3.148713700987255254e-02,-5.695203225294674931e-01
-7.546411627112000753e-01,8.713766366216766368e-01,7.877085171980439116e-01,-1.783679428662859057e-01,-1.364260658426280359e-01,-5.293617138943115252e-01,2.638971993774482105e-01,-2.175868484526432278e-01,-2.611557599466159396e-01,-1.334723014049716272e-01
-1.468163654938124119e-01,-7.702742917847167636e-02,-8.352693003854870513e-02,-9.836202113481560261e-01,2.314950366484925248e-01,-8.491339689950342384e-01,-3.764606575473761763e-01,7.125901556781770452e-02,5.500059375119564775e-02,-7.180147416282225414e-01
-1.098069641633681925e+00,1.425074889848976234e+00,-7.672749372868388207e-01,2.739217383265307032e-02,7.774469621613765424e-01,-2.649307745260786467e-02,-4.124320234931360685e-01,1.478149853156668636e-01,5.292959524666714932e-01,-4.028012557987537545e-01
7.241366880819926077e-01,-2.467731220394141722e+00,-1.708596319947406350e+00,2.200039516595602151e-01,-1.453388027341895317e-01,9.876755334854139812e-02,9.567976782753147003e-01,-1.035289475774020085e+00,6.163712573539386064e-01,7.009157502637008985e-01
6.811983873263199873e-02,8.122243159940901736e-01,1.218886791881866660e+00,-2.170643578273427077e-01,-3.227663879705972017e-01,6.711288894717604148e-02,-1.711172242381342468e+00,2.985579295668832622e-01,6.214042967207115964e-02,6.285339031163245105e-01
-1.293208972323007522e-01,4.143490465866072059e-01,-7.828059484081280051e-01,6.835860617643478854e-01,-5.655256104936337014e-01,-1.246430500520324447e+00,-6.658831619751125197e-02,7.551841321707302157e-01,-5.621627180758717035e-01,5.976824045792598072e-01
1.183161174615977362e+00,-2.004822056032481647e+00,-4.518107438460713388e-01,-1.364862323844496794e+00,-5.670729442576286639e-01,-4.312866308341179455e-01,2.177723284486387523e-01,1.669734979258780672e-01,1.907059137174888230e-01,-1.163516573369311358e+00
-8.060408466001531824e-01,1.161664447311743897e+00,7.434897189310609722e-01,-4.525707303292761385e-01,6.296475243953872369e-02,-8.219758786571983444e-01,-3.441266086163467519e-01,-3.270986414429926659e-01,3.786756931384595015e-01,-6.420393065137173227e-01
-4.525559466333859415e-01,7.202150998819498162e-02,-1.717719909180244420e+00,1.344207248047699643e+00,9.257913756918252357e-01,-2.920724211412342175e-01,4.531974627349483753e-01,-5.597769754264910746e-01,-6.176791540007104953e-01,5.215992756715615020e-01
1.141664345960882621e+00,-2.370519486754751881e+00,-1.008902703445810206e-01,4.983024171797955162e-03,1.157599605477440119e-01,-2.029491446162590584e+00,4.180040729084472106e-02,-2.120321251312002442e+00,-2.728047470052415990e-01,-6.026938471666040686e-02
4.179119669006839399e-01,-1.084094612997610785e+00,-6.840727934888821138e-02,9.793308139047787186e-01,6.079420864372797606e-01,-7.505673872031355387e-01,-7.131150947606125501e-02,-2.594609962862880259e+00,3.269597291572292619e-01,7.754077445582946426e-02
-6.025288439535388119e-02,-9.435131358757465891e-01,-8.942461738694059692e-01,-8.683057066678407931e-01,-7.452040625112936467e-02,1.185828626449590528e+00,2.009728712178925347e-01,-2.429404552115285720e-01,1.682677657632060786e+00,-7.388513473038375856e-02
-9.420084879536630984e-01,1.205570691058549970e+00,2.637161867316512032e-01,-8.843467845913728642e-02,1.205676001360378446e-01,-8.908663352872312480e-01,-1.093025951197581537e-02,-8.805221052597973774e-02,-3.572272201879212600e-02,-2.299480697135434792e-01
-4.572624123136995178e-02,-6.090330483333081801e-01,4.536533779455881321e-01,-5.093324719663657740e-01,-6.990321647691674078e-01,-6.599365469560529440e-02,7.971777317997289503e-01,-2.536638992759208122e-01,6.089947685808475009e-02,4.863279595325969290e-02
-1.009016290745080369e+00,1.594712453982767286e+00,-8.849861507857356147e-01,1.174995006657930885e+00,1.997165695171438937e-01,-7.133554921245990332e-01,6.381610874403254030e-01,6.110959900221408780e-01,-1.040595063286509747e+00,-2.012067982340365879e-01
3.879509799383924762e-02,-1.101161756797860436e+00,4.925726410219675167e-01,-7.865206959110127016e-01,-3.341206494252202952e-01,-9.633630768643498543e-01,1.105311050067090406e+00,2.907654111871233460e-01,-2.024744699592333941e+00,8.404594121365387416e-01
-6.935780735014284160e-01,5.364509196844429173e-01,-1.511266133710607251e+00,8.665624357852893533e-01,-1.018870219692998708e-02,1.897201328976480805e-01,9.054608833051916994e-01,4.795972432378748929e-01,-9.663256369097573961e-02,1.638917948686096915e-01
-9.566932078289180907e-01,1.031764804247752743e+00,1.433917235374828181e+00,4.368636875206889994e-03,-1.612599778392752869e-01,8.567513094787022887e-02,6.830644934482634767e-01,-3.114474838032343373e-01,-8.776673803882598657e-01,4.103526028634898459e-01
3.705252520635298613e-02,-7.140943625185159904e-01,-1.678090598146958212e-01,-5.488992417572735594e-01,-5.958412365971880176e-01,-5.467045656361628758e-01,6.054978470168983495e-01,-7.113057582353275732e-02,2.301127380092501118e-01,-1.352129125889633965e-01
3.773155103816899558e+00,-1.626623405428847979e+00,4.369343370934882786e-01,2.186500136126170002e+00,-1.853221218550006766e+00,-5.557193359676170230e-01,-2.577265568907296522e+00,1.377463756230917213e-01,-8.448969187970327699e-01,-3.185450833868391229e-01
3.612210213450101157e-03,-5.467905420279531858e-01,-1.679867388710741816e-01,-1.069338362894884042e+00,2.680201935378653255e-01,-1.941815209006393927e-01,-1.218311969956012569e-01,1.265974814263129133e-01,-1.357687042126591581e-01,-4.132710207823143689e-01
4.249109727205484938e-02,-1.667334185729660578e-01,1.383320300079462051e+00,1.181593263069178112e+00,1.866993087747526481e+00,7.037488051453000271e-01,-8.621939801422296989e-01,-3.598685958460909884e+00,-2.353480786596501839e-01,7.153406473960380318e-02
2.679704239634174145e-01,6.361607937754347464e-02,1.665702689255482927e+00,3.003776840587235597e-01,-1.903801675852362818e+00,6.931843497362639994e-02,-8.477742305659405342e-02,-3.730747330256941052e-01,8.542162217673350266e-01,8.285891069080487670e-01
2.167680063361355991e+00,-2.341344004819687186e+00,-7.588105925116539474e-01,1.264861900522577853e+00,1.706565745045328875e+00,1.256997141359220416e-01,-2.620174949636491668e+00,-2.923629652961610592e+00,3.723132859531911865e-01,-3.266075134788701956e-02
-7.182565665608288130e-01,8.285596004107382839e-01,2.486549466154674703e-01,3.701227926866254014e-01,-6.283117234188498879e-01,-5.278870489069564798e-01,6.764759519584504499e-01,-2.489432857370171004e-01,3.510050903272212142e-01,-1.579712047569674926e-01
-2.982013286152757625e-01,-8.955037261673644278e-02,-1.917663580973270609e-01,1.452570790485398777e-01,8.222640186233923787e-01,6.016353216859221531e-01,-1.660898659830601365e-01,-1.069112772771859232e+00,2.877925091465016738e-01,7.100880396560213005e-03
-1.088937090903433713e+00,1.439384927793705415e+00,7.177256740387745193e-01,-6.587716491323630796e-01,4.841181988701903083e-01,-1.039523051343197002e+00,-6.251075468451953165e-01,-2.722260477231453479e-01,1.887931491635677916e-01,-3.831024754127368426e-01
2.105938935551935620e-01,-5.365299980648238209e-01,-4.459821817548907386e-01,-1.201908245653377921e-01,-5.812386818292819557e-01,3.338013723186783466e-01,5.863092769410730432e-01,2.076282492058706755e-02,5.220273084645175032e-01,-7.722471872850533714e-01
-3.774926199762769774e-01,-5.820861414359498331e-01,1.231952953377435600e+00,-1.293876853731165122e+00,5.323384256825947070e-01,-1.518954016939091822e+00,1.758922587724912057e-01,1.817631494016718474e-01,-4.700996827870104755e-01,5.891518237758976984e-01
4.346241128763319583e-01,-1.443915148806824034e+00,-2.540222152002276634e-01,-2.327309060947718944e+00,9.908656483210387389e-01,-5.223264561732146039e-01,-8.545512003461449568e-01,3.769744450715877271e-01,-6.930487674680690935e-01,-5.054338442673789178e-01
-3.950959743084636600e-01,-1.537938520638932882e-01,-1.557930246756857873e-01,-1.127466770990003253e+00,4.068110563732187379e-01,-3.265544967519726227e-01,-2.961253771072286378e-01,-5.044564215816826208e-02,3.169801118468402734e-01,-1.082588311735538517e-01
-8.045737174718311513e-01,1.247134728483092259e+00,-8.165977079265923644e-01,9.792329909350416806e-01,-2.598816574143536506e-01,-8.293794404832002254e-01,6.287952140614140317e-01,3.036443153073246637e-01,-1.145982431894133902e-01,-4.147425942133224908e-01
-1.821003920480847027e-01,-9.298312345593920947e-01,-2.300661023387231552e-01,-2.139513865123283676e+00,1.178719966674279362e+00,2.345319594624543924e-02,-7.523133461518319853e-01,1.618079870354700023e-01,-2.764991386059696410e-01,2.161369093552017451e-01
3.098998502587615445e-01,-1.133594218144705623e+00,-6.282603492979880189e-01,-1.333739757878983800e+00,1.475831827573723387e-01,-6.889081647943523512e-01,-1.680911547140997442e-01,2.323654242115984481e-01,3.485489771588810154e-02,-5.134085830859413946e-01
9.084317870419791330e-01,-1.408128642680654297e+00,-1.052516638952437411e+00,-3.171769090196398244e-02,-1.045454294138170814e+00,8.651833920594775851e-02,9.094563602728783502e-01,2.608569841775033038e-01,4.970037365748731228e-01,-1.206369979762001332e+00
-1.036077281699858466e+00,1.078337625537500122e+00,1.527081017689840559e-01,-3.430125585880616085e-02,6.900982756344214986e-01,1.171988794662896849e+00,1.355695214184912956e-01,1.184042234993276741e-03,-2.253676420773559064e-01,1.818329074095161590e-01
6.885201472893982544e-01,-1.556518225919422127e+00,-4.318188208214284174e-01,-1.858326723944810910e+00,1.429252320373584073e-01,-6.778712473203657440e-01,-1.344992717242641911e+00,4.410858550421205559e-01,3.168708223669061685e-01,4.986833516579527448e-01
4.105953431398274844e-01,-1.028557232832969737e+00,-3.195395930593429301e-01,-1.007933295221720149e+00,-4.763691420247367914e-01,-1.060141498871724819e+00,1.105827986783820827e-01,3.176742080752112396e-02,3.380922662740851181e-01,-7.785460726654420682e-01
-9.230149782495763455e-01,1.236359738945213671e+00,4.721024739478261734e-01,9.656448025073950392e-01,-3.124978069035287964e-01,8.700360353282346471e-02,1.037888792247173342e+00,1.716002555064183865e-01,-1.208540073874021958e+00,5.163030015471637979e-01
-8.343495959972688780e-01,1.062007988837564865e+00,-3.754800830834602587e-01,2.057480851300371172e-01,2.079974865509271742e-01,-2.711324391836917869e-01,1.217701364424894628e-01,1.085281081646829876e-01,9.455808716278969739e-02,-3.249134013398405352e-01
2.019246541533767036e+00,-1.192639419476216878e+00,-9.183357939614910093e-01,1.528184442059372095e-01,-1.174845036979575014e-01,1.368149571809047726e+00,-2.412150806635403821e+00,2.074182258629904574e+00,-1.373182891322797250e+00,6.962814533710633969e-01
2.377510146069431729e-01,-6.899638150018021499e-01,6.062981282055597276e-01,-1.596471881891726063e+00,1.155181820547940691e-01,-1.544243951972021467e+00,-3.576502328042226453e-01,9.498355919949151571e-02,-8.351772109305364289e-01,-6.581169724760401740e-01
-9.538360675148386258e-01,1.119274150088991560e+00,-1.069906696812944480e+00,-3.040582727637033966e-01,1.152895062219671196e+00,8.998479287875014165e-01,-8.934787284928387141e-01,2.245453534041147725e-01,9.665259428797552399e-01,-2.556185901348280720e-01
-2.959120023389402721e-01,8.264750782848004351e-02,-1.005241128290850439e+00,3.651995245953991165e-01,2.744155292024830217e-01,8.710381370168085446e-01,6.799986915067345317e-01,5.496362113837326424e-01,-6.691937646108483406e-01,-1.657543829151362780e-01
2.133744771834124032e-01,-5.831265945311913113e-01,-1.101437344202807894e-01,-4.879360541032378706e-01,-1.008663457882909897e+00,-1.310698397690353012e+00,4.109227529778011756e-01,-2.097880312148844573e-01,8.078218798976315451e-01,-8.171862515015867467e-01
-4.455277620802721161e-01,2.883058612810985855e-01,1.519403277727903845e+00,-4.373783276468876657e-01,1.522515341565247038e+00,6.715767114691820749e-01,-7.486243894157151857e-01,-1.551659583468394166e+00,-8.643022923652174949e-01,1.136330403613549367e-01
-5.351943521093498884e-02,-1.726986619330072581e-01,6.342372764037149113e-02,6.939111539801542938e-02,-1.804206894375828263e-01,8.772177640409872801e-01,8.127266223290637859e-01,2.020488592002194495e-01,-7.355118314083314290e-01,-2.924418064802862260e-01
-1.382214369835373380e-01,-1.313222442620052721e+00,3.016584440779271695e-02,-1.060455645991492446e+00,-2.200106197387998175e-01,1.381622476454154924e+00,8.163178336029253135e-01,-3.458232902776152140e-01,5.767455870536575269e-01,9.236522874454032861e-01
1.875432803974291240e-01,-8.254059138440221766e-01,-1.716221738661489471e-01,-5.315764523609691761e-01,-5.725342944828528541e-02,5.299048863912339535e-02,6.429359214203299588e-01,3.666781867247250193e-01,-1.080001545711577693e+00,-1.168410760477744115e-01
5.898070952854145982e-02,-2.190544670273303074e-01,-3.056021261019618157e-02,-1.143374622274609918e-02,-2.553844830947421540e-02,-9.224938327157771178e-01,5.316065189606081764e-01,2.537115557327840887e-01,-1.531942572240189815e+00,-3.764248599592376343e-01
1.381466260489397635e-01,4.585308337537337131e-01,6.498218992202156041e-01,5.406546252153016097e-01,-1.079449698245469769e+00,-4.945495093839301637e-01,-5.204215366552716882e-01,3.896133415436338066e-01,-2.120667403325219580e-01,8.386155480792762962e-01
3.330585044320216737e-02,1.525128757736093216e-02,-9.389497772479197257e-01,-3.421648618647410434e-01,8.213678774242910707e-01,4.546686099228748890e-01,-1.325310346731574107e+00,1.120431140413698401e+00,-8.491231827557936818e-01,9.619951711680840845e-01
-8.106120487272746589e-01,5.309810963186043509e-01,-2.237442594560461739e-01,-7.469370919400107889e-01,3.288474933207467532e-01,-1.014971684915708883e+00,-2.907791228335764311e-01,-9.468602806201355249e-02,4.529213968314949046e-01,1.217379310213064295e-02
-4.974041557582474793e-01,-4.964791051909110409e-01,-4.956429665921429084e-01,-1.450905823842211007e+00,6.951046244617493652e-01,-8.753386709592733128e-01,-4.043447757419660338e-01,2.181690065984932259e-01,-2.495657699027364895e-01,8.465184114056424347e-01
-8.271493429402799746e-01,3.957984197783736557e-01,-5.376002181491076337e-01,-1.069444124913948135e+00,8.603878276332379560e-01,-8.834122378661108943e-01,-5.832165568039837655e-01,1.187838668920056240e-01,1.495080653562294026e-01,1.356628564139595872e-01
2.346414502504607091e-01,-7.495405370787153743e-01,-3.631077546016541202e-01,-6.515808601452600657e-01,-3.361314570687703451e-01,-6.564440517313842316e-03,2.669772178403804763e-01,1.280556180687727856e-02,4.532989707940535684e-01,-6.766833072005354888e-01
-1.466291102664291301e+00,2.367193538630984584e+00,-1.793702288262110645e-01,6.882187888776208906e-01,3.421951094184603748e-01,-7.391838309929228412e-01,-1.819769081169864688e-01,-2.740754204790926685e-02,4.055200391119131442e-01,-5.115338664268166413e-01
4.248990378341412910e-01,-9.556224811709392863e-01,-1.158466395074260857e+00,7.344618960099886795e-01,3.051975039146039848e+00,-4.091344807449452392e-01,-1.569469134354627204e+00,-2.384302526367682251e+00,-1.048768224915362923e+00,-1.386276123105721070e-01
-3.419731616965088761e-01,-2.728970575587120195e-01,-1.879283887763682770e-01,-9.078027104259498437e-01,8.126788418274094594e-01,1.896283721784668641e+00,-7.607775802578120583e-02,3.285000845473649844e-02,1.587253870859254845e-01,5.204629401770823754e-03
1.585016084670696213e+00,-4.120841496393357950e+00,3.043136718454714451e+00,1.821731027097824418e+00,4.860105490150893992e+00,-1.809601239457180988e+00,1.463223954548936945e+00,2.119010592515300662e+00,1.898648204740224443e+00,3.088978156918981699e-01
3.592926416481351248e-01,-1.224261925153576458e+00,-9.234295038699522618e-01,-1.682044615716107305e+00,1.065015492704569855e+00,1.946892873935472057e+00,-7.269415118563642420e-01,2.020282283539101831e-01,7.958042790580953652e-01,-8.086975220938079634e-01
-8.939048640722379035e-01,1.008910369356911696e+00,-1.653560812890546572e+00,7.178105833580126216e-01,8.404467128446551083e-01,-1.401568646922842984e-02,3.853164142825759586e-01,8.805141797327035169e-01,-1.053859544734549125e+00,6.319481845080392179e-02
-6.843176269009022539e-01,1.105222054977868851e+00,5.812116764125622170e-01,7.660095133446419569e-01,-8.073227721132479606e-02,1.408486810052379801e-01,9.438690941167034998e-01,2.976021424888723454e-01,-1.693808745300281471e+00,-9.460777325715596930e-02
-5.366595277065088210e-01,2.899357899919733916e-01,4.389196687450772072e-01,-3.737418593707912962e-01,3.847314762721216197e-01,7.299874778761779037e-01,3.515104827604842441e-01,8.512497462057250219e-02,-8.472493370114025923e-01,1.315438172173212794e-01
-1.341536125100596388e+00,1.608831079797229391e+00,3.774077521296742566e-01,-4.735548709548511453e-02,8.235038047517655446e-01,7.507791050807377520e-01,-1.126470044210641508e-01,-9.370872649790608355e-02,-1.551197092993820692e-01,1.897821469214544254e-01
-4.305162400399789591e-01,-1.967076735711004998e-01,1.362418132331137732e+00,-7.564862423159172122e-01,-3.100694632495943903e-01,3.151391830950665551e-01,6.276956912205431394e-01,-5.545897775736178259e-01,-3.268915951566051525e-01,5.218392818356388796e-01
-1.917191216166476697e-01,-7.766771753791843480e-01,-3.592233517756844297e-01,-1.167228604508135481e+00,2.378337981739219176e-01,6.235154220601609731e-01,4.575172667823391298e-02,-1.344785815786625482e-01,6.920404464187666083e-01,1.649730084918059336e-01
5.126893482051152889e-02,-1.033121207616328308e+00,2.698902002449083959e-01,-8.730799695580804265e-01,-6.895001921876027229e-01,8.139525643327771842e-01,6.384018736593553012e-01,-5.254123222518143344e-01,1.155546146130411289e+00,6.594439747368123494e-02
5.689443740696112917e-01,6.484892617243090962e-01,-4.790886583913734342e-01,9.123384340523910119e-01,-4.803956830120592603e-01,-9.819446796363401342e-01,-1.160678076294382022e+00,1.308948960259835204e+00,-1.183670760469782923e+00,-5.813250105249288119e-02
-4.489348466414450622e-01,-5.018416391602441989e-02,-4.064559919183600295e-02,-9.887272592427331919e-01,6.370274305219075783e-02,-1.708412365732465021e+00,-1.014497056004845521e-01,1.674775866819890047e-02,-1.717633983304125977e-01,2.516591876868860822e-02
-1.102752134697829733e+00,1.527260575256637720e+00,6.138407376103425239e-01,3.724965936938918198e-01,5.648125593015050905e-01,1.317299574669398510e+00,3.029209374272439081e-01,-1.905730058277720117e-03,-6.501705614142698764e-01,-2.613045351998956323e-02
-7.186912556146100028e-01,2.417503558173473843e-01,-9.815591127010234729e-01,-1.059628723719322263e+00,1.335412909538422399e+00,8.600438788941866530e-01,-8.603396240214774560e-01,2.514953225891383148e-01,5.518577984685195670e-01,1.602959887861387656e-01
-8.163907282698210643e-01,5.488388292172906580e-01,-1.697514960285164243e+00,5.264066362960371226e-01,4.395842160620851424e-01,3.582374029392133563e-01,5.461908323415450850e-01,5.176054527045382825e-01,1.883569160278319998e-02,2.761497401027845355e-01
8.670198249882286046e-01,-4.031132448247362610e-01,1.283652521951196057e+00,4.787422345645466204e-01,-1.818454008324703608e+00,-6.289076936710127907e-02,-3.052985362070573250e-01,3.404875220852059958e-01,-3.668144296731211118e-01,9.272832738115039941e-01
3.268652305167962790e-01,2.378482147088975263e-01,7.127691272145021684e-02,-4.885055817325773542e-01,-2.947737257451787940e-01,-8.641349911570590514e-01,-1.747298015287710893e+00,4.660141550568763225e-01,5.661989209532023448e-01,6.410221340522137545e-02
3.556331042708797963e-01,-1.020671530900564949e+00,8.776963872819921741e-01,5.371477945540603649e-01,-3.498649036684433056e-01,-6.711044592628765404e-01,1.607910846087142742e+00,7.255182065512562062e-01,-2.737699775384390133e-01,-1.685068148045330005e-01
-2.205039897866600263e-01,-1.109632579330078750e+00,-8.627723670902827380e-02,-8.817721400426258294e-01,-1.143123158909147702e-01,1.038361148295777081e+00,7.636944249934588536e-01,-1.317456586128701035e-01,1.073461986202286639e-01,1.105872655413117522e+00
9.125882239499506499e-01,-1.367220318739537310e+00,-9.630300140460177349e-01,2.644781396966731091e+00,-4.994315043604226068e-01,-1.125893338841464475e+00,9.812044575769861554e-01,-2.777744615294487573e+00,6.561355918862000758e-01,-3.265749705790592095e-01
-7.438194761006023947e-01,1.144748549732031329e+00,-1.233929009494322937e+00,1.205833549259742288e+00,-1.673437389795935371e-01,-1.072184126199984822e-01,7.558533099053026394e-01,4.184147584838920908e-01,1.173669725326276919e-02,-4.379552977963028781e-01
9.564802810829872159e-01,-5.848116617092703473e-01,-2.617682683790925058e-01,-3.188437312317520256e-01,-8.228614557545705921e-01,-2.362453162526862716e-01,-1.537802742186962668e+00,5.781382428355417158e-01,9.023765540266419638e-01,5.770899735980599549e-02
-3.366866520185709533e-01,3.783495203814113417e-02,1.311889488103821222e+00,-1.079579627172976730e+00,6.521792495873222073e-01,2.759475518118998050e+00,-1.403002514042479276e-01,-4.289080447727871559e-01,1.309461350855976869e-01,-2.853341213382095676e-01
-1.204475990800142116e+00,1.255810201656640146e+00,-9.880623176165596044e-01,7.220413052581728386e-02,6.139824103181940051e-01,3.118540677556916885e-01,-2.077781540590038223e-01,-1.544464887910471790e-02,1.126156119411226841e+00,-3.644649678816587468e-02
-1.182333929936454503e-01,4.137073415014203559e-01,1.552863211282397904e+00,5.143606063137942108e-01,-1.387942806076818192e+00,4.107456815790844762e-01,6.614378175724547893e-01,-3.375251496182238298e-01,-1.334564223595897416e-02,3.285717296802326270e-01
-2.965330885364785285e-01,-5.000355488075708399e-01,-9.861227019254031889e-02,3.754862417803307428e-01,1.647643643687801251e+00,2.075138474308015901e-01,7.905641817143579386e-01,1.434082989738122649e+00,-1.979114933632633022e-01,3.109811163901138320e-01
3.180683264101668573e-01,-1.437698749031052214e+00,-4.471610316753002468e-01,-7.750381385042095506e-01,-3.020190855889468007e-01,1.705650838685538462e+00,7.017565102156027024e-01,-1.270383181821782559e-01,7.727571003459859922e-01,-1.949897397782763414e-02
-2.989992906438098119e-01,7.832228575514404989e-01,-8.418205966319390887e-01,8.901329693741377724e-01,3.930783837679260873e-01,1.544163362014777663e+00,-2.629396249362860316e-01,9.109539617862590921e-01,-7.296141390965447115e-01,5.485520367584673096e-01
-1.008910932007427430e+00,1.382238318901471530e+00,-6.701200024519624598e-01,-4.842070467709566062e-01,1.245239178093503041e+00,5.463635037450522702e-01,-1.022366911157456482e+00,9.325719209571366186e-02,8.653747391431376723e-01,-8.104533927553521089e-01
-8.541491748691152353e-01,5.548261437141246422e-01,8.295774685497044887e-01,-8.050509045370862760e-01,2.694791687825575655e-01,-9.685317873811217781e-01,6.653895454629034367e-02,-1.326024770157250010e-01,-7.622044727606077652e-01,4.512262051451083056e-01
-4.528474030307299003e-01,-7.491637811445468476e-01,-6.801321296046372034e-01,-9.672320808041456885e-01,2.271106817769226738e-01,-5.578457642003967765e-01,4.398358005619547040e-01,1.543326569747398569e-01,-2.539428827738514083e-01,9.663434680773177465e-01
1.729286257680269001e+00,1.396426298714984471e-01,1.094233607761206706e+00,1.269025802293639593e+00,-2.122310516931122049e+00,1.690038282966642991e-01,-1.584404491909727541e+00,9.278751833575736852e-01,-9.860727039020178442e-02,-1.862313980075829822e-01
-5.117484068579044587e-01,1.898778613052166386e-01,-1.235041202951351114e+00,6.823507995234155965e-01,-2.834184654612305065e-01,-6.768640612533031176e-01,8.988393250154376179e-01,1.608217148417130926e-01,-3.507070986798414142e-02,2.218985324788891045e-01
-4.781263946704955581e-01,4.905657372576255892e-01,8.008360311720298386e-01,-6.410225073050583866e-01,4.692749685085567113e-01,1.635921395680320911e+00,-1.687177482168336629e-01,-2.820742242204951622e-01,2.544487502118663591e-01,-5.307014014984675621e-01
-9.886920281275795030e-01,1.342187065189567097e+00,-9.440318516343697564e-01,9.776890636716927263e-01,1.219132917026503893e-01,-9.128736752285235845e-01,6.653980163620137889e-01,5.466802012767227881e-01,-8.718196299904804603e-01,7.424157894931089977e-03
-7.788608249842179365e-01,8.017773631438781523e-01,-4.733693155724749135e-01,-1.618449412647744445e-01,2.916301874372617675e-01,-1.433432629170119377e+00,-4.335717665326838978e-03,2.821123051954969041e-01,-4.524286570901259741e-01,-1.280499548447594782e-01
-8.748470904136851356e-01,6.288814562943149111e-01,5.480390948439877175e-01,-1.332434573345614437e+00,1.040822984000771667e+00,-3.255293057381030558e-02,-7.451013981711397394e-01,-1.321650187524421594e-01,-1.297534625753201387e-01,3.777749326982872413e-02
-7.253128713363836411e-02,-4.555612252187467570e-01,-7.373129269580681600e-01,-1.688477324352445352e+00,1.593838757858204502e+00,-1.012905117973475155e+00,-9.411925977965905910e-01,8.839563635226604932e-01,-1.761164997528833043e+00,-3.894174783762940351e-01
1.670894891648269098e+00,-1.393593426296924953e+00,-5.485633761888288884e-01,2.110094176069872596e+00,1.230757506663670453e+00,-4.192793152278687097e-02,-1.289982437539787030e+00,-2.010467844306884633e+00,-1.343960140176680529e+00,-1.579900188455961862e-01
5.399905437525603404e-03,-5.751041292356424695e-01,-1.074798468497868864e+00,2.291184751667737496e-01,3.277389706872685937e-01,-7.311467975577587430e-02,6.051020138087216393e-01,1.881314509801614854e-01,-9.338759588966819569e-01,6.312350512036556116e-02
6.902967994246570482e-01,-1.699094308585957780e+00,-2.019555330887408573e+00,-3.379771566269908489e-01,5.637217606630187117e-01,1.788540196826779560e+00,2.100711831381129879e-01,3.440986485812072559e-01,3.009283587005575078e-01,-4.211428376679205443e-01
2.240574949943439087e-01,1.662315015718513367e+00,-2.161660975079949809e-01,1.494482067578999374e+00,-7.106912489130244870e-01,-6.204305174373725418e-01,-1.648213907654600074e+00,1.086346429033455463e+00,-1.611424323761946331e-01,3.416436982536348588e-02
-3.548199599603085730e-01,7.911136205570339364e-01,-1.097216057826360114e+00,1.240188893372121903e+00,-6.608105666690446967e-01,-3.317999145760968660e-01,2.580981830539132438e-01,5.895682158975773524e-01,1.720893913757989002e-01,3.847173373263886309e-01
3.934647077999776227e-02,-6.926451933048710652e-02,-8.240772108763095849e-01,-2.576890986315344967e-01,1.399113400341390756e-01,1.252873710024144494e+00,-3.691979249321427625e-01,1.436487665090472876e-01,1.160719663845638738e+00,-8.275055847225292194e-01
-8.432191350178479539e-01,1.925333219870136947e+00,3.798853136817639253e-01,3.691243193555899804e-01,-2.287402826755430552e-01,-9.228606509243795220e-01,-1.303789951403225622e+00,4.048455388943430350e-02,9.735481825414218360e-01,2.091594620187565701e-01
-1.635795939260465515e+00,2.153188087800573580e+00,1.829489243705642920e+00,-1.273093838022189006e-01,-2.436458296468831108e-02,1.624888511137725575e-02,-1.465617657439188537e-01,-8.849820344592853605e-01,7.632060472700892273e-01,3.350326513753451585e-01
-3.915302457295291583e-01,1.124860352276758346e-01,1.040047800240355924e+00,-1.014070092950852153e+00,1.040634553696500285e-02,-9.039712806627754615e-02,-6.006650969284725583e-02,-3.694942942094988636e-01,3.071958768137965715e-02,-2.243066003827837718e-01
-1.286143883914747099e-01,-3.139026121311549455e-01,1.777234960353834436e+00,-1.016057955543374858e+00,-1.996741987336339008e-01,1.257599128673605016e+00,3.933509987970187916e-01,-5.336992421996490377e-01,-3.008349169188035965e-01,-8.848883412851672736e-02
-1.329373856256464537e+00,1.873191299244766128e+00,3.853538093091760791e-02,-1.062606763686959332e-01,3.837600844067158290e-01,-1.186982082753524459e+00,-5.442611093337751393e-01,-2.226394086037322140e-01,7.671367552575305560e-01,-4.365340059749624468e-01
-8.143977344272848584e-02,7.286174694012288455e-01,2.012815083574681196e+00,7.725294353084156684e-01,-1.341083240508176733e+00,9.557392103825409491e-01,6.708825489325667135e-01,-2.892938968625787810e-01,-4.692482520096142862e-01,1.030586254474469970e-01
4.369408754487531965e+00,-3.837596896336881613e+00,5.126768453709461326e+00,6.335662447374377670e+00,5.655781456920935035e+00,-2.204673947984658322e-01,-1.034350171690927356e+00,1.425874483444584007e+00,1.854498639506893642e+00,-2.233807182673103187e-01
-1.086807654075801821e+00,1.723262700949959481e+00,-8.026988656324076654e-01,1.170826084393467914e+00,-1.325214565098335184e-01,-7.317684463046597587e-01,5.413244396716986317e-01,2.534818419242112486e-01,3.959814360787185239e-02,-3.762703081829633089e-01
-1.637900166526200962e+00,2.280697261980567880e+00,7.893809358901842099e-01,-8.668472412549936904e-03,1.965164310239972956e-01,-6.389405079396860421e-01,-4.154185357841837511e-01,-6.329716207158607721e-01,1.156243128856783375e+00,-1.968429422186111777e-01
-1.530068086306345942e-01,2.711378645832252521e-01,4.196326390307428822e-01,-2.108145619393433368e-01,-7.698605544087817609e-01,-1.008217734335319804e+00,-2.745462949993395241e-01,-8.612237001532328795e-02,5.535341163088056682e-01,5.990311021775161088e-02
2.376196915839607626e-01,-8.233769071397083472e-01,-4.909422193844344418e-01,-3.860976824285949349e-01,-1.241456731975847660e-01,1.717229506982440035e-01,6.302325469933065527e-01,3.781729919715071109e-01,-6.999246281246919166e-01,-3.073990887626736335e-01
2.165163255917762708e+00,6.554096165756680969e-01,5.813757444547541509e-01,1.435271316974185529e+00,-1.454953018335641834e+00,-2.048837468582433707e-01,-2.938888734842189265e+00,1.778658563591532404e+00,-9.040932967813490873e-01,-8.148061143768899894e-01
-1.885149188113645347e-01,6.298965000257229774e-02,8.448284508528671743e-01,1.614557980080097432e-01,-7.708077713482108795e-01,1.099319487815893392e+00,7.908587107542726091e-01,-2.863076248889460107e-01,1.351375676964774730e-01,9.521529787952477675e-02
5.333484627246102283e-01,-8.866736325508576266e-01,-1.583393371257119542e+00,-3.785254922549832757e-01,4.891166088657052380e-01,1.197011818514778669e+00,-1.160045824508613571e-01,7.556219673923302294e-01,-6.288413629534031490e-02,-9.900315489217714759e-01
